Checked (everything but nblast clusters and indirect pathways),Flywire ID_updated,v630 ID,vPN or LVIN,FlyWire Super Class,Source of Visual Input,Cell Body Position,NT prediction,NT prediction score,NBLAST cluster,Type,Type Code,Pathway type to MB Left,Pathway type to MB Right,Synapses to KCg-d_Left,# of KCg-d Partners_Left,Synapses to KCg-d_Right,# of KCg-d Partners_Right,Synapse sum to LVINs,Synapse sum to LVINs left,Mirror Twin Ints,Is Mirror Twin a Direct KCgd Input (v630)?,Notes
yes,720575940622446106,7.21E+17,vPN,visual_projection,aMe,Left,acetylcholine,0.93,8,aMe12,AMe12,Both,Both,230,17,41,5,,69,720575940647731252,Yes,
yes,720575940628884183,7.21E+17,vPN,visual_projection,Me,Left,acetylcholine,0.93,182,ME.PLP.37,Me-182,Both,None,82,4,0,0,53,62,720575940645794595,Yes,
,720575940625063356,,vPN,visual_projection,Me,Left,glutamate,0.54,188,CB0123,Me-188,Indirect,None,0,0,0,0,46,49,720575940644035364,No,
yes,720575940630737516,7.21E+17,vPN,visual_projection,Me,Left,acetylcholine,0.92,184,CB0389,Me-CB0389,Both,None,313,26,0,0,13,33,720575940643873440,Yes,
yes,720575940620744907,7.21E+17,vPN,visual_projection,Me,Right,acetylcholine,0.94,2,CB0304,CB0304,None,Direct,0,0,165,14,,0,720575940642484109,Yes,Putative VPN-MB2 from Vogt 2016
,720575940624488629,,vPN,visual_projection,Lo,Left,glutamate,0.71,183,CL285,Lo-CL285,Indirect,None,0,0,0,0,10,17,720575940641983989,No,
yes,720575940614544680,7.21E+17,vPN,visual_projection,Me,Left,acetylcholine,0.94,10,ME.919,Me-10,Indirect,Both,0,0,8,1,130,66,720575940641791989,Yes,
yes,720575940619421319,7.21E+17,LVIN,central,,Left,acetylcholine,0.87,,PVLP.SLP.13,a-PVLP.SLP.13,Direct,None,6,1,0,0,,107,720575940641422221,Yes,
yes,720575940645913367,7.21E+17,vPN,visual_projection,Lo,Left,acetylcholine,0.91,35,hb697882667,Lo-35,Both,None,517,24,0,0,,332,720575940641285005,Yes,small/med field
yes,720575940613103283,7.21E+17,vPN,visual_projection,aMe,Right,acetylcholine,0.88,8,aMe12,AMe12,Both,Both,259,23,470,32,0,25,720575940640715392,Yes,
yes,720575940618147028,7.21E+17,vPN,visual_projection,Me,Right,acetylcholine,0.87,184,ME.PLP.52,Me-184,None,Both,0,0,23,3,,0,720575940640438643,Yes,
yes,720575940619296325,7.21E+17,vPN,visual_projection,Me,Right,acetylcholine,0.89,146,ME.PLP.38,Me-146,None,Both,0,0,14,2,,0,720575940639522357,Yes,
yes,720575940637736006,7.21E+17,LVIN,central,,Left,acetylcholine,0.93,,PLP251,a-PLP251,Direct,None,250,10,0,0,,337,720575940638764403,Yes,
yes,720575940638764403,7.21E+17,LVIN,central,,Right,acetylcholine,0.93,,PLP251,PLP251,None,Direct,0,0,80,3,,0,720575940637736006,Yes,
yes,720575940638558115,7.21E+17,vPN,visual_projection,Lo,Left,acetylcholine,0.91,100,LO.PLP.107,Lo-100,Indirect,None,0,0,0,0,89,100,720575940637329754,No,Mirror Twins were changed to reflect mirror twin in codex
yes,720575940638264629,7.21E+17,vPN,visual_projection,Lo,Left,acetylcholine,0.93,194,PLP126,Lo-PLP126,Both,None,6,1,0,0,,32,720575940636557796,No,small field
yes,720575940638874182,7.21E+17,vPN,visual_projection,aMe,Right,gaba,0.48,115,aMe19b,AMe19b,Indirect,None,0,0,0,0,5,9,720575940636396143,No,
yes,720575940636261488,7.21E+17,LVIN,central,,Right,glutamate,0.61,,PLP069,PLP069,None,Direct,0,0,5,1,,0,720575940636221406,No,
,720575940631158487,,vPN,visual_projection,Lo,Left,acetylcholine,0.91,189,VES080,Lo-VES080,Indirect,Indirect,0,0,0,0,,78,720575940636217012,No,
yes,720575940626083356,7.21E+17,LVIN,central,,Left,glutamate,0.77,,PLP005,gl-PLP005,None,Direct,0,0,41,2,,512,720575940635529464,Yes,
yes,720575940611532408,7.21E+17,vPN,visual_projection,Lo,Right,acetylcholine,0.93,191,CB0274,Lo-CB0274,None,Both,0,0,199,9,,0,720575940635489387,Yes,
yes,720575940626140164,7.21E+17,LVIN,central,,Right,acetylcholine,0.94,,VES025,VES025,None,Direct,0,0,20,1,,171,720575940635206251,No,
yes,720575940631023159,7.21E+17,vPN,visual_projection,Lo,Right,acetylcholine,0.91,147,hb1222778569,Lo-147,None,Both,0,0,26,1,,0,720575940635180384,No,Mirror Twins were changed to reflect mirror twin in codex
yes,720575940631098172,7.21E+17,vPN,visual_projection,Lo,Right,acetylcholine,0.94,192,LT67,Lo-LT67,None,Both,0,0,48,2,,0,720575940635169888,Yes,
yes,720575940630575042,7.21E+17,vPN,visual_projection,Me,Left,acetylcholine,0.9,186,ME.SLP.2,Me-186,Direct,None,17,2,0,0,0,7,720575940634837660,No,Mirror Twins were changed to reflect mirror twin in codex
,720575940609125641,,vPN,visual_projection,Ocellar,Right,acetylcholine,0.98,123,OCG04,OCG04,Indirect,Indirect,0,0,0,0,,40,720575940633513645,No,
yes,720575940625025680,7.21E+17,LVIN,central,,Left,acetylcholine,0.94,,PLP231,a-PLP231,None,Direct,0,0,79,9,,306,720575940633171916,No,
yes,720575940616070283,7.21E+17,LVIN,central,,Left,acetylcholine,0.68,,"SMP459, SMP460","a-SMP459, SMP460",Direct,None,27,2,0,0,,376,720575940632802785,No,
yes,720575940620198571,7.21E+17,LVIN,central,,Right,acetylcholine,0.94,,PLP.SLP.30,PLP.SLP.30,None,Direct,0,0,5,1,,0,720575940632528045,No,
yes,720575940635169888,7.21E+17,vPN,visual_projection,Lo,Left,acetylcholine,0.92,192,LT67,Lo-LT67,Both,None,9,1,0,0,102,110,720575940632393320,Yes,
yes,720575940609329102,7.21E+17,LVIN,central,,Right,acetylcholine,0.9,,AVLP043,a-AVLP043,None,Direct,0,0,212,16,,0,720575940632219361,Yes,
yes,720575940616461173,7.21E+17,LVIN,central,,Right,acetylcholine,0.9,,PVLP.SLP.3,PVLP.SLP.3,None,Direct,0,0,27,3,,0,720575940632070370,Yes,
yes,720575940618869249,7.21E+17,LVIN,central,,Right,acetylcholine,0.87,,AVLP041,a-AVLP041,None,Direct,0,0,29,2,,2,720575940631783372,Yes,
yes,720575940630610488,7.21E+17,LVIN,central,,Right,acetylcholine,0.9,,"PLP120, PLP145","PLP120, PLP145",None,Direct,0,0,97,9,,3,720575940631718930,Yes,"look different from the PLP120, PLP145 on left side"
yes,720575940603976672,7.21E+17,LVIN,central,,Left,acetylcholine,0.88,,CL258,a-CL258,Direct,None,114,7,0,0,,189,720575940631611679,Yes,
yes,720575940626849866,7.21E+17,vPN,visual_projection,Lo,Left,acetylcholine,0.89,38,LO.PLP.479,Lo-38,Direct,None,5,1,0,0,0,1,720575940631356580,No,
yes,720575940606259134,7.21E+17,vPN,visual_projection,aMe,Right,glutamate,0.6,74,aMe19a,AMe19a,Indirect,None,0,0,0,0,42,25,720575940631199340,No,
yes,720575940625055758,7.21E+17,vPN,visual_projection,Me,Right,acetylcholine,0.9,60,CB0165,CB0165,None,Both,0,0,16,2,,0,720575940631147382,Yes,
yes,720575940615438495,7.21E+17,LVIN,central,,Left,acetylcholine,0.96,,LHPV3c1,a-LHPV3c1,Direct,None,102,4,0,0,,477,720575940630914245,Yes,
yes,720575940612925146,7.21E+17,vPN,visual_projection,Me,Right,acetylcholine,0.9,184,CB0389,CB0389,None,Both,0,0,372,25,,0,720575940630737516,Yes,
yes,720575940631718930,7.21E+17,LVIN,central,,Left,acetylcholine,0.89,,"PLP120, PLP145","a-PLP120, PLP145",Direct,None,75,6,0,0,,111,720575940630610488,Yes,
yes,720575940615691348,7.21E+17,vPN,visual_projection,Lo,Right,acetylcholine,0.92,149,LO.SLP.10,Lo-149,None,Direct,0,0,133,6,,0,720575940630585704,Yes,
yes,720575940626248250,7.21E+17,LVIN,central,,Left,gaba,0.83,,PLP131,ga-PLP131,Direct,None,5,1,0,0,,846,720575940630520059,No,
yes,720575940637511525,7.21E+17,vPN,visual_projection,Me,Left,acetylcholine,0.91,179,ME.745,Me-179,Both,None,53,5,0,0,,253,720575940630396282,Yes,
yes,720575940616355028,7.21E+17,LVIN,central,,Right,acetylcholine,0.92,,"PLP120, PLP145","PLP120, PLP145",None,Direct,0,0,102,7,,0,720575940630124050,Yes,"look different from the PLP120, PLP145 on left side"
yes,720575940632226897,7.21E+17,LVIN,central,,Right,acetylcholine,0.93,,CL250,a-CL250,None,Direct,0,0,16,1,,0,720575940630001207,No,
yes,720575940629728811,7.21E+17,LVIN,central,,Left,gaba,0.92,,mALB5,ga-mALB5,None,Direct,0,0,7,1,,200,720575940629753847,No,
,720575940619677854,,vPN,visual_projection,Lo,Left,Unknown,,199,PLP.404,Lo-199,Indirect,Indirect,0,0,0,0,,156,720575940629682028,No,
yes,720575940624278057,7.21E+17,vPN,visual_projection,Lo,Left,acetylcholine,0.91,175,LO.515,Lo-175,Direct,None,10,1,0,0,0,4,720575940629259831,Yes,small field
yes,720575940627710992,7.21E+17,vPN,visual_projection,Me,Left,acetylcholine,0.89,103,CB0167,Me-CB0167,Both,None,13,2,0,0,30,41,720575940629002246,Yes,
yes,720575940620745069,7.21E+17,LVIN,central,,Left,glutamate,0.69,,"PLP185, PLP186","gl-PLP185, PLP186",Direct,None,8,1,0,0,,82,720575940628951166,Yes,
yes,720575940624089992,7.21E+17,vPN,visual_projection,Me,Right,acetylcholine,0.94,182,ME.PLP.24,Me-182,None,Both,0,0,50,3,,0,720575940628884183,Yes,should be same cluster as ME.PLP.37
yes,720575940614465517,7.21E+17,vPN,visual_projection,Me,Right,acetylcholine,0.91,188,CB0171,Me-188,None,Both,0,0,98,4,,0,720575940628838474,Yes,
yes,720575940642024437,7.21E+17,vPN,visual_projection,Lo,Left,acetylcholine,0.87,138,VES044,Lo-VES044,Both,None,7,1,0,0,8,16,720575940628653255,No,small field
yes,720575940627715721,7.21E+17,vPN,visual_projection,Lo,Left,glutamate,0.53,127,LO.PLP.90,Lo-127,Indirect,None,0,0,0,0,17,21,720575940628119339,No,Mirror Twins were changed to reflect mirror twin in codex
yes,720575940639948733,7.21E+17,vPN,visual_projection,Me,Right,acetylcholine,0.89,103,CB0167,CB0167,None,Both,0,0,100,6,,0,720575940627710992,Yes,
yes,720575940611428977,7.21E+17,LVIN,central,,Right,acetylcholine,0.93,,SIP064,SIP064,None,Direct,0,0,5,1,,5,720575940627572484,No,only one vpn input
yes,720575940611351514,7.21E+17,LVIN,central,,Right,glutamate,0.8,,"PLP185, PLP186","PLP185, PLP186",None,Direct,0,0,13,2,,0,720575940627303696,No,Mirror Twins were changed to reflect mirror twin in codex
yes,720575940615746316,7.21E+17,LVIN,central,,Right,acetylcholine,0.88,,PLP.68,PLP.68,None,Direct,0,0,259,20,,1,720575940627256586,Yes,
,720575940618660765,,vPN,visual_projection,Lo,Left,acetylcholine,0.9,177,PLP147,Lo-PLP147,Indirect,None,0,0,0,0,87,123,720575940627221763,No,
yes,720575940625911054,7.21E+17,vPN,visual_projection,Me,Right,glutamate,0.47,19,CB0243,Me-CB0243,Indirect,Both,0,0,10,2,,140,720575940627202691,No,
yes,720575940643862820,7.21E+17,vPN,visual_projection,Lo,Left,acetylcholine,0.9,136,PLP153,Lo-136,Indirect,None,0,0,0,0,,11,720575940627055784,No,Mirror Twins were changed to reflect mirror twin in codex
yes,720575940640278387,7.21E+17,vPN,visual_projection,aMe,Right,glutamate,0.81,,CL125,AMe-CL125,None,Indirect,0,0,0,0,,0,720575940626537468,No,
yes,720575940632707944,7.21E+17,vPN,visual_projection,Me,Left,acetylcholine,0.91,9,CB0081,Me-CB0081,Both,None,145,6,0,0,,389,720575940626497286,Yes,
yes,720575940635529464,7.21E+17,LVIN,central,,Right,glutamate,0.78,,PLP005,PLP005,None,Direct,0,0,23,2,,75,720575940626083356,Yes,
yes,720575940636036532,7.21E+17,vPN,visual_projection,Lo,Left,acetylcholine,0.94,138,VES044,Lo-VES044,Both,None,5,1,0,0,41,41,720575940625458064,No,small field
yes,720575940624363144,7.21E+17,vPN,visual_projection,Me,Right,acetylcholine,0.96,18,CB0111,Me-CB0111,Indirect,Direct,0,0,498,29,,0,720575940625315260,Yes,Putative VPN-MB2 from Vogt 2016; Mirror Twins were changed to reflect v630 id
yes,720575940631763909,7.21E+17,vPN,visual_projection,aMe,Left,Unknown,,58,aMe3,AMe3,Indirect,Indirect,0,0,0,0,65,79,720575940625102862,No,
yes,720575940610433987,7.21E+17,vPN,visual_projection,Me,Left,acetylcholine,0.84,60,CB0165,Me-CB0165,Both,None,11,1,0,0,46,33,720575940625055758,Yes,
yes,720575940614374034,7.21E+17,LVIN,central,,Right,gaba,0.85,,CL063,g-CL063,None,Direct,0,0,101,17,,3,720575940624951847,Yes,
yes,720575940620233966,7.21E+17,vPN,visual_projection,Lo,Left,acetylcholine,0.96,80,SLP357,SLP357,Direct,None,7,1,0,0,0,4,720575940624861642,No,small field
yes,720575940618110621,7.21E+17,vPN,visual_projection,Lo,Right,acetylcholine,0.64,,LC26,LC26,None,Indirect,0,0,0,0,,0,720575940624711241,No,Mirror Twins were changed to reflect mirror twin in codex
yes,720575940626949834,7.21E+17,vPN,visual_projection,Lo,Right,acetylcholine,0.93,80,SLP357,Lo-SLP357,Indirect,Direct,0,0,56,4,,0,720575940624611405,Yes,
yes,720575940623943404,7.21E+17,LVIN,central,,Left,acetylcholine,0.94,,PLP231,a-PLP231,None,Direct,0,0,36,3,,313,720575940624603901,Yes,
yes,720575940641501648,7.21E+17,vPN,visual_projection,aMe,Right,Unknown,,,aMe3,AMe3,None,Indirect,0,0,0,0,,3,720575940623949192,No,
yes,720575940611914850,7.21E+17,LVIN,central,,Right,acetylcholine,0.97,,PLP231,PLP231,Direct,None,109,10,0,0,,21,720575940623943404,Yes,
yes,720575940632652319,7.21E+17,LVIN,central,,Left,acetylcholine,0.55,,CL352,a-CL352,Direct,None,7,1,0,0,,74,720575940623805448,No,
yes,720575940638892351,7.21E+17,vPN,visual_projection,Me,Right,acetylcholine,0.92,143,CB0156,Me-CB0156,None,Both,0,0,481,24,,0,720575940623406605,Yes,
yes,720575940614530866,7.21E+17,vPN,visual_projection,Lo,Left,acetylcholine,0.93,150,SLP449,Lo-SLP449,Both,None,77,2,0,0,157,158,720575940622984957,Yes,small field
yes,720575940622891242,7.21E+17,vPN,visual_projection,Lo,Left,acetylcholine,0.89,178,LO.SLP.12,Lo-178,Direct,None,101,8,0,0,0,3,720575940622984701,Yes,small field
yes,720575940622984701,7.21E+17,vPN,visual_projection,Lo,Right,acetylcholine,0.92,149,LO.SLP.11,Lo-149,None,Direct,0,0,73,3,,0,720575940622891242,Yes,
yes,720575940642484109,7.21E+17,vPN,visual_projection,Me,Left,acetylcholine,0.93,2,CB0304,Me-CB0304,Both,None,206,13,0,0,33,42,720575940622596393,Yes,Putative VPN-MB2 from Vogt 2016. ventral
yes,720575940647731252,7.21E+17,vPN,visual_projection,aMe,Right,acetylcholine,0.94,8,aMe12,AMe12,Both,Both,16,2,126,10,0,21,720575940622446106,Yes,
yes,720575940618810533,7.21E+17,LVIN,central,,Right,acetylcholine,0.89,,CL258,a-CL258,None,Direct,0,0,117,8,,5,720575940622350550,Yes,
yes,720575940628913404,7.21E+17,vPN,visual_projection,Me,Left,acetylcholine,0.9,15,ME.PLP.42,Me-15,Both,None,20,3,0,0,5,17,720575940622337674,Yes,
yes,720575940615149836,7.21E+17,vPN,visual_projection,aMe,Left,acetylcholine,0.95,81,aMe20,AMe20,Both,None,472,23,0,0,,328,720575940622227213,Yes,
yes,720575940611014570,7.21E+17,LVIN,central,,Left,dopamine,0.69,,ATL042,d-ATL042,None,Direct,0,0,6,1,,173,720575940621712990,No,
yes,720575940624677303,7.21E+17,vPN,visual_projection,Lo,Left,acetylcholine,0.95,90,PLP091,Lo-PLP091,Both,Indirect,95,9,0,0,224,283,720575940621673852,Yes,large field 
yes,720575940609627403,7.21E+17,vPN,visual_projection,aMe,Left,acetylcholine,0.93,8,aMe12,AMe12,Direct,Both,184,15,62,6,0,67,720575940621438123,Yes,
,720575940628694394,,vPN,visual_projection,Lo,Left,acetylcholine,0.9,198,"PLP011, SLP339","Lo-PLP011, SLP339",Indirect,None,0,0,0,0,,22,720575940621374374,No,
yes,720575940612277490,7.21E+17,LVIN,central,,Left,glutamate,0.61,,"SMP144, SMP150","gl-SMP144, SMP150",None,Direct,0,0,6,1,,215,720575940621373052,No,
,720575940619373421,,vPN,visual_projection,Me,Left,acetylcholine,0.85,187,ME.SCL.4,Me-187,Indirect,None,0,0,0,0,8,10,720575940621353051,No,
yes,720575940640438643,7.21E+17,vPN,visual_projection,Me,Left,acetylcholine,0.91,15,ME.PLP.36,Me-15,Both,None,28,3,0,0,0,16,720575940621207211,Yes,"ventral. same cell type as ME.PLP.42, and ME.1557"
yes,720575940617584273,7.21E+17,vPN,visual_projection,Me,Right,acetylcholine,0.94,75,ME.687,Me-75,Indirect,Both,0,0,28,3,51,53,720575940621025262,Yes,
yes,720575940628951166,7.21E+17,LVIN,central,,Right,glutamate,0.76,,"PLP185, PLP186","PLP185, PLP186",None,Direct,0,0,5,1,,0,720575940620745069,Yes,
yes,720575940635489387,7.21E+17,vPN,visual_projection,Lo,Left,acetylcholine,0.94,191,CB0274,Lo-CB0274,Both,None,266,11,0,0,259,266,720575940620654975,Yes,large field
yes,720575940606584352,7.21E+17,vPN,visual_projection,Lo,Right,acetylcholine,0.96,150,LO.PLP.128,Lo-150,None,Both,0,0,118,5,,0,720575940620455408,Yes,
yes,720575940623184167,7.21E+17,LVIN,central,,Right,Unknown,,,PLP.318,PLP.318,None,Direct,0,0,5,1,,2,720575940619677342,No,Mirror Twins were changed to reflect mirror twin in codex
yes,720575940618422941,7.21E+17,LVIN,central,,Left,acetylcholine,0.86,,AVLP043,a-AVLP043,Direct,None,29,2,0,0,,199,720575940619676507,Yes,Mirror Twins were changed to reflect mirror twin in codex
yes,720575940606531505,7.21E+17,vPN,visual_projection,Lo,Left,glutamate,0.62,131,LT77,Lo-131,Indirect,None,0,0,0,0,5,11,720575940619556219,No,
yes,720575940615713478,7.21E+17,LVIN,central,,Right,acetylcholine,0.94,,CL200,a-CL200,None,Direct,0,0,43,5,,8,720575940619522974,Yes,
yes,720575940641422221,7.21E+17,LVIN,central,,Right,acetylcholine,0.91,,PVLP.SLP.8,PVLP.SLP.8,None,Direct,0,0,57,3,,0,720575940619421319,Yes,
yes,720575940620826571,7.21E+17,vPN,visual_projection,Lo,Right,acetylcholine,0.94,149,LO.PLP.64,Lo-149,None,Both,0,0,37,3,,0,720575940619021221,No,Mirror Twins were changed to reflect mirror twin in codex
yes,720575940632891788,7.21E+17,vPN,visual_projection,Me,Right,acetylcholine,0.89,146,ME.PLP.50,Me-146,None,Direct,0,0,11,2,,0,720575940619017387,Yes,
yes,720575940620455408,7.21E+17,vPN,visual_projection,Lo,Left,acetylcholine,0.95,47,LO.PLP.109,Lo-47,Both,None,47,6,0,0,,14,720575940618856768,Yes,small/med field
yes,720575940622350550,7.21E+17,LVIN,central,,Left,acetylcholine,0.88,,CL258,a-CL258,Direct,None,184,10,0,0,,125,720575940618810533,Yes,these 2 have the same name and look somewhat alike
yes,720575940635718255,7.21E+17,LVIN,central,,Left,acetylcholine,0.97,,LHPV8c1,a-LHPV8c1,Direct,None,49,4,0,0,,111,720575940618582592,No,
yes,720575940619676507,7.21E+17,LVIN,central,,Right,acetylcholine,0.92,,AVLP043,a-AVLP043,None,Direct,0,0,189,17,,0,720575940618422941,Yes,Mirror Twins were changed to reflect mirror twin in codex
yes,720575940632401745,7.21E+17,vPN,visual_projection,Lo,Left,acetylcholine,0.88,126,LO.AOTU.3,Lo-126,Indirect,None,0,0,0,0,,11,720575940618254750,No,Mirror Twins were changed to reflect mirror twin in codex
yes,720575940633021580,7.21E+17,vPN,visual_projection,Me,Left,acetylcholine,0.87,188,CB0171,Me-188,Both,None,89,4,0,0,110,115,720575940618034662,Yes,ventral. gets Tm5a and/or b inputs
yes,720575940621673852,7.21E+17,vPN,visual_projection,Lo,Right,acetylcholine,0.93,90,PLP091,Lo-PLP091,None,Both,0,0,122,11,,29,720575940618007508,Yes,
yes,720575940635359127,7.21E+17,vPN,visual_projection,Lo,Right,acetylcholine,0.9,193,LT75,Lo-LT75,None,Both,0,0,25,1,,0,720575940617883003,Yes,
yes,720575940630098284,7.21E+17,LVIN,central,,Right,glutamate,0.83,,PLP004,PLP004,None,Direct,0,0,11,1,,0,720575940617812696,No,
yes,720575940631057468,7.21E+17,vPN,visual_projection,Me,Left,acetylcholine,0.94,10,ME.897,Me-10,Both,Indirect,17,1,0,0,67,72,720575940617584273,Yes,
yes,720575940625092414,7.21E+17,vPN,visual_projection,Lo,Left,acetylcholine,0.88,136,PLP153,Lo-136,Indirect,None,0,0,0,0,6,9,720575940616657409,No,
yes,720575940617883003,7.21E+17,vPN,visual_projection,Lo,Left,acetylcholine,0.86,193,LT75,Lo-LT75,Both,None,60,3,0,0,72,93,720575940616620571,Yes,medium field (same area as ..447)
yes,720575940632070370,7.21E+17,LVIN,central,,Left,acetylcholine,0.9,,PVLP.SCL.2,a-PVLP.SCL.2,Direct,None,35,2,0,0,,116,720575940616461173,Yes,
yes,720575940630124050,7.21E+17,LVIN,central,,Left,acetylcholine,0.92,,"PLP120, PLP145","a-PLP120, PLP145",Direct,None,50,5,0,0,,95,720575940616355028,Yes,
yes,720575940625493385,7.21E+17,LVIN,central,,Right,acetylcholine,0.96,,PLP.SLP.42,PLP.SLP.42,None,Direct,0,0,12,1,,0,720575940615951163,No,
,720575940631807827,,vPN,visual_projection,Lo,Left,acetylcholine,0.96,35,hb575063620,Lo-35,Indirect,None,0,0,0,0,117,121,720575940615827980,No,
yes,720575940620343345,7.21E+17,LVIN,central,,Left,acetylcholine,0.9,,PLP.78,a-PLP.78,Direct,None,438,24,0,0,,402,720575940615746316,Yes,
yes,720575940619522974,7.21E+17,LVIN,central,,Left,acetylcholine,0.92,,CL200,a-CL200,Direct,None,23,2,0,0,,399,720575940615713478,Yes,
yes,720575940630585704,7.21E+17,vPN,visual_projection,Lo,Left,acetylcholine,0.89,178,LO.SCL.7,Lo-178,Direct,None,111,8,0,0,0,8,720575940615691348,Yes,small field
yes,720575940630914245,7.21E+17,LVIN,central,,Right,acetylcholine,0.96,,LHPV3c1,a-LHPV3c1,None,Direct,0,0,253,12,,1,720575940615438495,Yes,
yes,720575940622227213,7.21E+17,vPN,visual_projection,aMe,Right,acetylcholine,0.95,81,aMe20,AMe20,None,Both,0,0,205,10,,0,720575940615149836,Yes,
yes,720575940619017387,7.21E+17,vPN,visual_projection,Me,Left,acetylcholine,0.91,15,ME.1557,Me-15,Direct,None,11,2,0,0,0,6,720575940614589599,Yes,
yes,720575940641791989,7.21E+17,vPN,visual_projection,Me,Right,acetylcholine,0.96,75,ME.703,Me-75,Indirect,Both,0,0,29,3,41,41,720575940614544680,No,Mirror twin not a direct input to Left hemisphere
yes,720575940622984957,7.21E+17,vPN,visual_projection,Lo,Right,acetylcholine,0.91,150,SLP449,Lo-SLP449,None,Both,0,0,91,4,,0,720575940614530866,Yes,
yes,720575940621268651,7.21E+17,vPN,visual_projection,aMe,Right,glutamate,0.7,,CL125,AMe-CL125,None,Indirect,0,0,0,0,,0,720575940614517032,No,
yes,720575940624951847,7.21E+17,LVIN,central,,Left,gaba,0.85,,CL063,ga-CL063,Direct,None,106,17,0,0,,981,720575940614374034,Yes,
yes,720575940621887197,7.21E+17,vPN,visual_projection,Lo,Right,acetylcholine,0.63,,LC26,LC26,None,Indirect,0,0,0,0,,0,720575940614298931,No,Mirror Twins were changed to reflect mirror twin in codex
yes,720575940625229291,7.21E+17,vPN,visual_projection,Me,Left,acetylcholine,0.92,143,CB0156,Me-CB0156,Both,Indirect,854,33,0,0,27,25,720575940614139559,Yes,
,720575940636772014,,vPN,visual_projection,Lo,Left,acetylcholine,0.93,198,"PLP011, SLP339","Lo-PLP011, SLP339",Indirect,None,0,0,0,0,,24,720575940614047890,No,
yes,720575940615028143,7.21E+17,vPN,visual_projection,Lo,Right,acetylcholine,0.89,151,LT79,Lo-LT79,None,Both,0,0,12,1,,0,720575940613783277,No,Mirror Twins were changed to reflect mirror twin in codex
yes,720575940626497286,7.21E+17,vPN,visual_projection,Me,Right,acetylcholine,0.92,9,CB0081,CB0081,None,Both,0,0,82,3,,0,720575940613126117,Yes,
yes,720575940640715392,7.21E+17,vPN,visual_projection,aMe,Left,acetylcholine,0.89,8,aMe12,AMe12,Both,Both,367,24,204,16,0,44,720575940613103283,Yes,
yes,720575940616054834,7.21E+17,LVIN,central,,Right,acetylcholine,0.94,,hb386829647,a-hb386829647,None,Direct,0,0,9,1,,0,720575940612015217,No,
yes,720575940630396282,7.21E+17,vPN,visual_projection,Me,Right,acetylcholine,0.91,181,ME.775,Me-181,None,Both,0,0,95,7,,0,720575940611955057,Yes,
yes,720575940620321739,7.21E+17,vPN,visual_projection,aMe,Left,acetylcholine,0.82,16,aMe5,AMe5,Indirect,None,0,0,0,0,6,6,720575940611843186,No,Mirror Twins were changed to reflect mirror twin in codex
yes,720575940607052418,7.21E+17,vPN,visual_projection,Lo,Right,acetylcholine,0.86,,"LC40a, LC40b",LC40,None,Indirect,0,0,0,0,,0,720575940611317618,No,Mirror Twins were changed to reflect mirror twin in codex
yes,720575940634935065,7.21E+17,vPN,visual_projection,aMe,Left,Unknown,,153,aMe25,AMe25,Indirect,None,0,0,0,0,,27,720575940611294562,No,
yes,720575940626019197,7.21E+17,vPN,visual_projection,Lo,Left,glutamate,0.63,127,LO.PVLP.610,Lo-127,Indirect,None,0,0,0,0,6,7,720575940610983091,No,Mirror Twins were changed to reflect mirror twin in codex
yes,720575940618445497,7.21E+17,LVIN,central,,Left,acetylcholine,0.92,,PLP177,a-PLP177,Direct,None,45,4,0,0,,542,720575940610167502,No,
yes,720575940621438123,7.21E+17,vPN,visual_projection,aMe,Right,acetylcholine,0.93,8,aMe12,AMe12,Both,Both,40,4,155,14,0,16,720575940609627403,Yes,
yes,720575940621894822,7.21E+17,vPN,visual_projection,aMe,Right,acetylcholine,0.93,8,aMe12,AMe12,Both,Both,14,2,113,9,0,18,720575940609627403,Yes,
yes,720575940631783372,7.21E+17,LVIN,central,,Left,acetylcholine,0.9,,AVLP041,a-AVLP041,Direct,None,25,2,0,0,,160,720575940609526318,Yes,Mirror Twins were changed to reflect mirror twin in codex
yes,720575940632219361,7.21E+17,LVIN,central,,Left,acetylcholine,0.87,,AVLP043,a-AVLP043,Direct,None,72,4,0,0,,216,720575940609329102,Yes,
yes,720575940624611405,7.21E+17,vPN,visual_projection,Lo,Left,acetylcholine,0.93,80,SLP357,Lo-SLP357,Both,None,154,9,0,0,97,101,720575940608779100,Yes,small/med field
yes,720575940611294562,7.21E+17,vPN,visual_projection,aMe,Right,glutamate,0.57,,aMe25,AMe25,None,Indirect,0,0,0,0,,0,720575940607900290,No,
yes,720575940629259831,7.21E+17,vPN,visual_projection,Lo,Right,acetylcholine,0.9,149,LO.463,Lo-149,None,Both,0,0,21,2,,0,720575940607578460,Yes,
yes,720575940635535511,7.21E+17,vPN,visual_projection,Me,Left,acetylcholine,0.96,18,CB0111,Me-CB0111,Both,None,605,32,0,0,39,57,720575940605862345,Yes,Putative VPN-MB2 from Vogt 2016. ventral
yes,720575940641285005,7.21E+17,vPN,visual_projection,Lo,Right,acetylcholine,0.92,148,hb697882667,Lo-148,None,Both,0,0,410,33,,3,720575940605029664,Yes,
yes,720575940631611679,7.21E+17,LVIN,central,,Right,acetylcholine,0.88,,CL258,a-CL258,None,Direct,0,0,117,8,,13,720575940603976672,Yes,
yes,720575940610389602,7.21E+17,LVIN,central,,Left,acetylcholine,0.9,,"SLP223, SLP224","a-SLP223, SLP224",Direct,None,9,1,0,0,,125,0,Mirror Twin Unknown,"Can't determine a precise mirror twin, but no other SLP223's synapse with KCgd"
yes,720575940625733453,7.21E+17,vPN,visual_projection,Me,Left,acetylcholine,0.92,1,PLP.203,Me-1,Direct,None,5,1,0,0,0,5,0,Mirror Twin Unknown,
yes,720575940605184958,7.21E+17,vPN,visual_projection,aMe,Left,acetylcholine,0.86,16,aMe5,AMe5,Indirect,None,0,0,0,0,,12,0,Mirror Twin Unknown,
yes,720575940640541347,7.21E+17,vPN,visual_projection,aMe,Left,acetylcholine,0.76,16,aMe5,AMe5,Indirect,None,0,0,0,0,,12,0,Mirror Twin Unknown,
yes,720575940637460069,7.21E+17,vPN,visual_projection,aMe,Left,acetylcholine,0.81,16,aMe5,AMe5,Indirect,None,0,0,0,0,5,14,0,Mirror Twin Unknown,
yes,720575940632171535,7.21E+17,vPN,visual_projection,aMe,Right,acetylcholine,0.79,16,aMe5,AMe5,None,Direct,0,0,6,1,,0,0,Mirror Twin Unknown,
yes,720575940629984335,7.21E+17,vPN,visual_projection,aMe,Right,acetylcholine,0.72,16,aMe5,AMe5,None,Direct,0,0,5,1,,0,0,Mirror Twin Unknown,
yes,720575940611405102,7.21E+17,vPN,visual_projection,Me,Left,acetylcholine,0.92,62,ME.PLP.33,Me-62,None,Direct,0,0,5,1,10,6,0,Mirror Twin Unknown,
yes,720575940655593121,7.21E+17,vPN,visual_projection,Lo,Left,acetylcholine,0.63,130,LO.PVLP.116,Lo-130,Indirect,None,0,0,0,0,11,19,0,Mirror Twin Unknown,
yes,720575940611530213,7.21E+17,vPN,visual_projection,Lo,Left,glutamate,0.61,131,LO.PLP.50,Lo-131,Indirect,None,0,0,0,0,14,16,0,Mirror Twin Unknown,
yes,720575940632052194,7.21E+17,vPN,visual_projection,Lo,Left,acetylcholine,0.82,136,LO.PLP.231,Lo-136,Indirect,None,0,0,0,0,5,13,0,Mirror Twin Unknown,
yes,720575940626701886,7.21E+17,vPN,visual_projection,Lo,Left,acetylcholine,0.88,136,LO.PLP.293,Lo-136,Indirect,None,0,0,0,0,63,70,0,Mirror Twin Unknown,
yes,720575940647159428,7.21E+17,vPN,visual_projection,Lo,Left,glutamate,0.66,139,LO.PLP.544,Lo-139,Indirect,None,0,0,0,0,7,10,0,Mirror Twin Unknown,
yes,720575940603886880,7.21E+17,vPN,visual_projection,Lo,Left,acetylcholine,0.94,140,LO.PLP.129,Lo-140,Indirect,None,0,0,0,0,10,21,0,Mirror Twin Unknown,
yes,720575940630434858,7.21E+17,vPN,visual_projection,Lo,Left,acetylcholine,0.93,140,LO.PLP.157,Lo-140,Indirect,None,0,0,0,0,,9,0,Mirror Twin Unknown,
yes,720575940619068843,7.21E+17,vPN,visual_projection,Lo,Left,acetylcholine,0.93,140,LO.PLP.99,Lo-140,Indirect,None,0,0,0,0,,21,0,Mirror Twin Unknown,
yes,720575940639910515,7.21E+17,vPN,visual_projection,Lo,Right,acetylcholine,0.93,149,LO.PLP.106,Lo-149,None,Direct,0,0,15,1,,0,0,Mirror Twin Unknown,
yes,720575940622440461,7.21E+17,LVIN,central,,Left,Unknown,,,PLP.349,u-PLP.349,Direct,None,5,1,0,0,,187,0,Mirror Twin Unknown,
yes,720575940638124376,7.21E+17,LVIN,central,,Left,glutamate,0.86,,SCL.56,gl-SCL.56,Direct,None,10,1,0,0,,43,0,Mirror Twin Unknown,
yes,720575940623979914,7.21E+17,vPN,visual_projection,aMe,Right,acetylcholine,0.9,,aMe5,AMe5,None,Indirect,0,0,0,0,,0,0,Mirror Twin Unknown,
yes,720575940624982456,7.21E+17,vPN,visual_projection,aMe,Right,acetylcholine,0.87,,aMe5,AMe5,None,Indirect,0,0,0,0,,0,0,Mirror Twin Unknown,
yes,720575940630312954,7.21E+17,vPN,visual_projection,Lo,Right,acetylcholine,0.85,,"LC40a, LC40b",LC40,None,Indirect,0,0,0,0,,0,0,Mirror Twin Unknown,
yes,720575940616927060,7.21E+17,vPN,visual_projection,Lo,Right,acetylcholine,0.85,,"LC40a, LC40b",LC40,None,Indirect,0,0,0,0,,0,0,Mirror Twin Unknown,
yes,720575940628913920,7.21E+17,vPN,visual_projection,Lo,Right,acetylcholine,0.87,,"LC40a, LC40b",LC40,None,Indirect,0,0,0,0,,0,0,Mirror Twin Unknown,
yes,720575940627632745,7.21E+17,LVIN,central,,Right,acetylcholine,0.74,,SIP.43,SIP.43,None,Direct,0,0,7,1,,66,0,Mirror Twin Unknown,
yes,720575940625334970,7.21E+17,LVIN,central,,Right,acetylcholine,0.84,,SLP.ICL.26,SLP.ICL.26,None,Direct,0,0,5,1,,1,0,Mirror Twin Unknown,
yes,720575940624587447,7.21E+17,vPN,visual_projection,Lo,Left,acetylcholine,0.93,144,LO.PLP.77,Lo-144,Both,None,10,1,0,0,,37,0,can't find,medium field
,720575940615649942,,vPN,visual_projection,Me,Left,acetylcholine,0.93,180,ME.PLP.55,Me-180,Indirect,None,0,0,0,0,,71,0,can't find,
,720575940612079822,,vPN,visual_projection,Me,Left,glutamate,0.5,184,ME.18540,Me-184,Indirect,None,0,0,0,0,16,8,0,can't find,
,720575940634280674,,vPN,visual_projection,Me,Left,glutamate,0.68,200,ME.PLP.118,Me-200,Indirect,None,0,0,0,0,,8,0,can't find,
,720575940613204650,,vPN,visual_projection,Me,Left,glutamate,0.71,200,ME.PLP.245,Me-200,Indirect,None,0,0,0,0,,9,0,can't find,
,720575940624437700,,vPN,visual_projection,Me,Left,glutamate,0.7,200,ME.PLP.67,Me-200,Indirect,None,0,0,0,0,,5,0,can't find,
,720575940622336280,,vPN,visual_projection,Me,Left,acetylcholine,0.77,201,ME.PLP.172,Me-201,Indirect,Indirect,0,0,0,0,,11,0,can't find,
,720575940634619060,,vPN,visual_projection,Me,Right,acetylcholine,0.91,1,PLP.108,Me-1,Indirect,None,0,0,0,0,,14,0,,
,720575940636303864,,vPN,visual_projection,Me,Left,acetylcholine,0.53,3,ME.LO.13704,Me-1,Indirect,None,0,0,0,0,5,8,0,,
yes,720575940632423439,7.21E+17,vPN,visual_projection,Me,Left,acetylcholine,0.84,4,MC62,MC62,Direct,None,13,1,0,0,0,4,0,,The mirror twin formerly listed for this cell did not resemble it
,720575940625816153,,vPN,visual_projection,Me,Left,acetylcholine,0.81,5,ME.LO.2194,Me-5,Indirect,None,0,0,0,0,7,12,0,,
,720575940635554239,,vPN,visual_projection,Me,Left,glutamate,0.53,12,ME.15969,Me-12,Indirect,None,0,0,0,0,16,8,0,,
,720575940611396266,,vPN,visual_projection,Me,Left,acetylcholine,0.79,13,ME.PLP.177,Me-13,Indirect,None,0,0,0,0,,30,0,,
,720575940623184041,,vPN,visual_projection,Me,Left,glutamate,0.67,14,ME.24260,Me-14,Indirect,None,0,0,0,0,11,11,0,,
,720575940633750611,,vPN,visual_projection,Me,Left,glutamate,0.68,14,ME.4958,Me-14,Indirect,None,0,0,0,0,10,10,0,,
yes,720575940647804212,7.21E+17,vPN,visual_projection,aMe,Left,acetylcholine,0.82,16,aMe5,AMe5,Indirect,None,0,0,0,0,,21,0,,
,720575940640123726,,vPN,visual_projection,Me,Left,glutamate,0.51,19,CB0243,Me-CB0243,Indirect,Indirect,0,0,0,0,16,31,0,,
,720575940632845476,,vPN,visual_projection,Me,Left,acetylcholine,0.81,20,MC65,Me-MC65,Indirect,None,0,0,0,0,8,10,0,,
,720575940612524261,,vPN,visual_projection,Me,Left,acetylcholine,0.78,20,MC65,Me-MC65,Indirect,None,0,0,0,0,6,7,0,,
,720575940626263373,,vPN,visual_projection,Me,Left,acetylcholine,0.82,20,MC65,Me-MC65,Indirect,None,0,0,0,0,10,13,0,,
,720575940626629732,,vPN,visual_projection,Me,Left,acetylcholine,0.86,21,ME.16664,Me-21,Indirect,None,0,0,0,0,27,29,0,,
,720575940624996298,,vPN,visual_projection,Me,Left,glutamate,0.47,21,ME.PLP.162,Me-21,Indirect,None,0,0,0,0,234,127,0,,
,720575940616740130,,vPN,visual_projection,Me,Left,glutamate,0.53,21,PLP.516,Me-21,Indirect,None,0,0,0,0,102,109,0,,
,720575940614497734,,vPN,visual_projection,Me,Left,acetylcholine,0.9,22,ME.PLP.190,Me-22,Indirect,Indirect,0,0,0,0,28,23,0,,
,720575940638247357,,vPN,visual_projection,Me,Left,acetylcholine,0.89,22,ME.PLP.209,Me-22,Indirect,None,0,0,0,0,14,18,0,,
,720575940618683339,,vPN,visual_projection,Me,Left,acetylcholine,0.86,22,ME.PLP.255,Me-22,Indirect,None,0,0,0,0,5,15,0,,
,720575940634931225,,vPN,visual_projection,Me,Left,acetylcholine,0.87,23,ME.PLP.202,Me-23,Indirect,None,0,0,0,0,12,28,0,,
yes,720575940635142300,7.21E+17,vPN,visual_projection,aMe,Left,acetylcholine,0.93,25,aMe26_L,AMe26,Both,Indirect,20,1,0,0,32,88,0,,aMe26's on L and R are unique cell types
yes,720575940616412738,7.21E+17,vPN,visual_projection,aMe,Left,acetylcholine,0.94,25,aMe26_L,AMe26,Both,Indirect,30,3,0,0,36,126,0,,aMe26's on L and R are unique cell types
yes,720575940613941475,7.21E+17,vPN,visual_projection,aMe,Left,acetylcholine,0.93,25,aMe26_L,AMe26,Both,Indirect,16,2,0,0,44,104,0,,aMe26's on L and R are unique cell types
,720575940629677929,,vPN,visual_projection,Me,Left,acetylcholine,0.86,26,ML1,Me-ML1,Indirect,None,0,0,0,0,,5,0,,
,720575940624910855,,vPN,visual_projection,Me,Left,acetylcholine,0.84,26,ML1,Me-ML1,Indirect,None,0,0,0,0,,9,0,,
,720575940614450157,,vPN,visual_projection,Me,Left,acetylcholine,0.77,26,ML1,Me-ML1,Indirect,None,0,0,0,0,7,7,0,,
,720575940619927710,,vPN,visual_projection,Me,Left,acetylcholine,0.92,27,ME.33189,Me-27,Indirect,None,0,0,0,0,5,7,0,,
,720575940619962417,,vPN,visual_projection,Me,Right,glutamate,0.55,28,CB0383,Me-CB0383,Indirect,None,0,0,0,0,,74,0,,
yes,720575940633292113,7.21E+17,vPN,visual_projection,aMe,Right,acetylcholine,0.94,29,aMe26_R,AMe26,Both,Both,12,1,6,1,22,51,0,,aMe26's on L and R are unique cell types
yes,720575940614483887,7.21E+17,vPN,visual_projection,aMe,Right,acetylcholine,0.92,29,aMe26_R,AMe26,Both,Both,8,1,9,1,16,39,0,,aMe26's on L and R are unique cell types
yes,720575940612495331,7.21E+17,vPN,visual_projection,aMe,Right,acetylcholine,0.95,29,aMe26,AMe26,Indirect,Indirect,0,0,0,0,13,31,0,,aMe26's on L and R are unique cell types
,720575940627704189,,vPN,visual_projection,Lo,Left,acetylcholine,0.93,45,LO.PLP.89,Lo-45,Indirect,Indirect,0,0,0,0,,266,0,,
,720575940634171759,,vPN,visual_projection,Lo,Left,acetylcholine,0.84,46,LC36,Lo-LC36,Indirect,None,0,0,0,0,12,18,0,,
,720575940624949379,,vPN,visual_projection,Lo,Left,acetylcholine,0.93,48,LC41,Lo-LC41,Indirect,None,0,0,0,0,21,35,0,,
,720575940622628075,,vPN,visual_projection,Lo,Left,acetylcholine,0.92,48,LC41,Lo-LC41,Indirect,None,0,0,0,0,6,11,0,,
,720575940623004563,,vPN,visual_projection,Lo,Left,glutamate,0.75,49,PLP183,Lo-PLP183,Indirect,Indirect,0,0,0,0,23,33,0,,
,720575940617333249,,vPN,visual_projection,Lo,Left,acetylcholine,0.89,50,PLP153,Lo-PLP153,Indirect,None,0,0,0,0,,75,0,,
,720575940633506667,,vPN,visual_projection,Lo,Left,acetylcholine,0.91,51,PLP125,Lo-PLP125,Indirect,None,0,0,0,0,187,200,0,,
,720575940620308416,,vPN,visual_projection,Lo,Left,acetylcholine,0.9,51,PLP125,Lo-PLP125,Indirect,None,0,0,0,0,166,183,0,,
,720575940610767066,,vPN,visual_projection,Lo,Left,acetylcholine,0.88,52,LC40,Lo-LC40,Indirect,None,0,0,0,0,,16,0,,
,720575940645834036,,vPN,visual_projection,Lo,Left,acetylcholine,0.91,52,LC40,Lo-LC40,Indirect,None,0,0,0,0,46,58,0,,
,720575940616588217,,vPN,visual_projection,Lo,Left,acetylcholine,0.85,52,LC40,Lo-LC40,Indirect,None,0,0,0,0,25,31,0,,
,720575940605582508,,vPN,visual_projection,Lo,Left,acetylcholine,0.83,52,LC40,Lo-LC40,Indirect,None,0,0,0,0,20,24,0,,
,720575940623401513,,vPN,visual_projection,Lo,Left,acetylcholine,0.83,52,LC40,Lo-LC40,Indirect,None,0,0,0,0,40,48,0,,
,720575940614722611,,vPN,visual_projection,Lo,Left,acetylcholine,0.91,52,LC40,Lo-LC40,Indirect,None,0,0,0,0,44,45,0,,
,720575940624718153,,vPN,visual_projection,Lo,Left,acetylcholine,0.91,52,LC40,Lo-LC40,Indirect,None,0,0,0,0,41,44,0,,
,720575940630709499,,vPN,visual_projection,Lo,Left,acetylcholine,0.91,52,LC40,Lo-LC40,Indirect,None,0,0,0,0,11,24,0,,
,720575940623574798,,vPN,visual_projection,Lo,Left,acetylcholine,0.9,52,LC40,Lo-LC40,Indirect,None,0,0,0,0,41,51,0,,
,720575940636163440,,vPN,visual_projection,Lo,Left,acetylcholine,0.9,52,LC40,Lo-LC40,Indirect,None,0,0,0,0,27,31,0,,
,720575940636282431,,vPN,visual_projection,Lo,Left,acetylcholine,0.9,52,LC40,Lo-LC40,Indirect,None,0,0,0,0,34,39,0,,
,720575940633428415,,vPN,visual_projection,Lo,Left,acetylcholine,0.92,52,LC40,Lo-LC40,Indirect,None,0,0,0,0,5,8,0,,
,720575940611317618,,vPN,visual_projection,Lo,Left,acetylcholine,0.89,52,LC40,Lo-LC40,Indirect,None,0,0,0,0,23,32,0,,
,720575940630342135,,vPN,visual_projection,Lo,Left,acetylcholine,0.89,52,LC40,Lo-LC40,Indirect,Indirect,0,0,0,0,57,65,0,,
,720575940631785261,,vPN,visual_projection,Lo,Left,acetylcholine,0.86,52,LC40,Lo-LC40,Indirect,Indirect,0,0,0,0,46,56,0,,
,720575940617208251,,vPN,visual_projection,LoP,Left,acetylcholine,0.79,54,PLP207,Lo-PLP207,Indirect,None,0,0,0,0,12,12,0,,
,720575940629784219,,vPN,visual_projection,LoP,Left,acetylcholine,0.74,54,PLP207,Lo-PLP207,Indirect,None,0,0,0,0,8,11,0,,
,720575940618833112,,vPN,visual_projection,LoP,Left,acetylcholine,0.73,54,PLP207,Lo-PLP207,Indirect,None,0,0,0,0,8,9,0,,
,720575940620593780,,vPN,visual_projection,LoP,Left,acetylcholine,0.76,54,PLP207,Lo-PLP207,Indirect,None,0,0,0,0,6,9,0,,
,720575940610891618,,vPN,visual_projection,LoP,Left,acetylcholine,0.55,54,PLP207,Lo-PLP207,Indirect,None,0,0,0,0,5,5,0,,
,720575940628192359,,vPN,visual_projection,Lo,Left,acetylcholine,0.81,55,LT85,Lo-LT85,Indirect,None,0,0,0,0,,125,0,,
,720575940632894239,,vPN,visual_projection,Lo,Left,glutamate,0.76,56,LO.PLP.489,Lo-56,Indirect,None,0,0,0,0,9,11,0,,
,720575940628512143,,vPN,visual_projection,Me,Left,glutamate,0.47,61,ME.PLP.15,Me-61,Indirect,None,0,0,0,0,,47,0,,
,720575940616311007,,vPN,visual_projection,Me,Left,acetylcholine,0.9,63,ME.4862,Me-63,Indirect,None,0,0,0,0,7,7,0,,
,720575940614385554,,vPN,visual_projection,Me,Left,gaba,0.87,65,ME.PLP.100,Me-65,Indirect,None,0,0,0,0,13,30,0,,
,720575940612993191,,vPN,visual_projection,Me,Left,gaba,0.86,65,ME.PLP.124,Me-65,Indirect,None,0,0,0,0,,21,0,,
,720575940630607354,,vPN,visual_projection,Me,Left,acetylcholine,0.9,66,ME.PLP.30,Me-66,Indirect,None,0,0,0,0,11,34,0,,
,720575940605465888,,vPN,visual_projection,Me,Left,acetylcholine,0.93,69,hb759632919,Me-69,Indirect,None,0,0,0,0,,186,0,,
,720575940626874442,,vPN,visual_projection,Lo,Left,acetylcholine,0.92,71,LO.PLP.353,Lo-71,Indirect,None,0,0,0,0,69,70,0,,
,720575940625610270,,vPN,visual_projection,Lo,Left,acetylcholine,0.91,71,LO.SCL.8,Lo-71,Indirect,None,0,0,0,0,42,44,0,,
,720575940635102320,,vPN,visual_projection,Lo,Left,acetylcholine,0.81,91,IB019,Lo-IB019,Indirect,Indirect,0,0,0,0,281,311,0,,
,720575940633675603,,vPN,visual_projection,Lo,Left,acetylcholine,0.89,92,CB0146,Lo-CB0146,Indirect,None,0,0,0,0,6,7,0,,
,720575940628356666,,vPN,visual_projection,Lo,Left,acetylcholine,0.78,95,LO.185,Lo-95,Indirect,None,0,0,0,0,10,6,0,,
,720575940639874493,,vPN,visual_projection,Lo,Left,acetylcholine,0.88,96,PLP153,Lo-96,Indirect,None,0,0,0,0,,67,0,,
,720575940621257381,,vPN,visual_projection,Lo,Left,acetylcholine,0.92,97,PLP153,Lo-97,Indirect,None,0,0,0,0,,85,0,,
yes,720575940613323378,7.21E+17,vPN,visual_projection,Lo,Left,acetylcholine,0.9,99,LT57,Lo-LT57,Both,None,5,1,0,0,,13,0,,No LT57's synapse w kcgd on right (even without synapse threshold)
,720575940627665513,,vPN,visual_projection,Lo,Left,acetylcholine,0.86,99,LT57,Lo-LT57,Indirect,None,0,0,0,0,11,18,0,,
,720575940621316443,,vPN,visual_projection,Lo,Left,acetylcholine,0.88,99,LT57,Lo-LT57,Indirect,None,0,0,0,0,9,12,0,,
,720575940621705537,,vPN,visual_projection,Lo,Left,acetylcholine,0.85,99,LT57,Lo-LT57,Indirect,None,0,0,0,0,5,12,0,,
,720575940620795784,,vPN,visual_projection,Lo,Left,acetylcholine,0.82,101,LT59,Lo-LT59,Indirect,None,0,0,0,0,15,19,0,,
,720575940617218629,,vPN,visual_projection,Me,Left,acetylcholine,0.9,102,ME.PLP.272,Me-102,Indirect,None,0,0,0,0,5,6,0,,
,720575940619460688,,vPN,visual_projection,Me,Left,acetylcholine,0.93,104,ME.PLP.254,Me-104,Indirect,None,0,0,0,0,,13,0,,
,720575940638193242,,vPN,visual_projection,Me,Left,glutamate,0.47,106,ME.20609,Me-106,Indirect,None,0,0,0,0,14,7,0,,
,720575940644342807,,vPN,visual_projection,Me,Left,glutamate,0.59,107,ME.5735,Me-107,Indirect,None,0,0,0,0,28,14,0,,
,720575940644682952,,vPN,visual_projection,Me,Left,acetylcholine,0.84,108,CB0002,Me-CB0002,Indirect,None,0,0,0,0,44,22,0,,
,720575940625508610,,vPN,visual_projection,Me,Left,acetylcholine,0.93,110,CB0236,Me-CB0236,Indirect,None,0,0,0,0,,30,0,,
,720575940626822233,,vPN,visual_projection,Me,Left,Unknown,,111,ME.SLP.5,Me-111,Indirect,None,0,0,0,0,9,10,0,,
,720575940625527228,,vPN,visual_projection,Me,Left,acetylcholine,0.9,112,ME.19489,Me-112,Indirect,None,0,0,0,0,34,28,0,,
,720575940626625874,,vPN,visual_projection,Me,Left,acetylcholine,0.9,112,ME.22243,Me-112,Indirect,None,0,0,0,0,30,17,0,,
,720575940622141424,,vPN,visual_projection,Me,Left,acetylcholine,0.85,112,ME.PLP.133,Me-112,Indirect,None,0,0,0,0,68,43,0,,
,720575940622724521,,vPN,visual_projection,Me,Left,glutamate,0.67,113,CB0447,Me-CB0447,Indirect,None,0,0,0,0,13,14,0,,
,720575940634166242,,vPN,visual_projection,LoP,Left,acetylcholine,0.89,116,WED068,Lo-WED068,Indirect,None,0,0,0,0,17,18,0,,
,720575940616260146,,vPN,visual_projection,LoP,Left,acetylcholine,0.86,116,WED068,Lo-WED068,Indirect,None,0,0,0,0,27,28,0,,
,720575940629577475,,vPN,visual_projection,LoP,Left,acetylcholine,0.88,116,WED068,Lo-WED068,Indirect,None,0,0,0,0,9,9,0,,
,720575940609141257,,vPN,visual_projection,Lo,Left,acetylcholine,0.89,117,CB0205,Lo-CB0205,Indirect,None,0,0,0,0,30,30,0,,
,720575940608287701,,vPN,visual_projection,LoP,Left,glutamate,0.59,119,CB0425,Lo-CB0425,Indirect,None,0,0,0,0,127,127,0,,
,720575940634879845,,vPN,visual_projection,Lo,Left,acetylcholine,0.84,120,LC46a,Lo-LC46a,Indirect,None,0,0,0,0,5,5,0,,
,720575940638336419,,vPN,visual_projection,Lo,Left,acetylcholine,0.67,121,IB091,Lo-IB091,Indirect,None,0,0,0,0,5,5,0,,
,720575940622649633,,vPN,visual_projection,Ocellar,Right,acetylcholine,0.97,123,OCG04,OCG04,Indirect,Indirect,0,0,0,0,,50,0,,
,720575940638406205,,vPN,visual_projection,Lo,Left,acetylcholine,0.76,126,AOTU.28,Lo-AOTU.28,Indirect,None,0,0,0,0,14,15,0,,
,720575940618860081,,vPN,visual_projection,Lo,Left,acetylcholine,0.83,128,LC24,Lo-LC24,Indirect,None,0,0,0,0,7,10,0,,
,720575940605478590,,vPN,visual_projection,Lo,Left,acetylcholine,0.79,128,LC24,Lo-LC24,Indirect,None,0,0,0,0,5,7,0,,
,720575940626257930,,vPN,visual_projection,Lo,Left,acetylcholine,0.77,128,LC24,Lo-LC24,Indirect,None,0,0,0,0,14,17,0,,
,720575940619395777,,vPN,visual_projection,Lo,Left,acetylcholine,0.77,128,LC24,Lo-LC24,Indirect,None,0,0,0,0,10,10,0,,
,720575940612228630,,vPN,visual_projection,Lo,Left,acetylcholine,0.76,128,LC24,Lo-LC24,Indirect,None,0,0,0,0,5,9,0,,
,720575940637769542,,vPN,visual_projection,Lo,Left,acetylcholine,0.74,128,LC24,Lo-LC24,Indirect,None,0,0,0,0,6,9,0,,
,720575940632802841,,vPN,visual_projection,Lo,Left,acetylcholine,0.74,128,LC24,Lo-LC24,Indirect,None,0,0,0,0,6,7,0,,
,720575940617005888,,vPN,visual_projection,Lo,Left,acetylcholine,0.56,128,LC24,Lo-LC24,Indirect,None,0,0,0,0,6,6,0,,
,720575940612896485,,vPN,visual_projection,Lo,Left,acetylcholine,0.86,128,LC24,Lo-LC24,Indirect,None,0,0,0,0,5,5,0,,
,720575940625571256,,vPN,visual_projection,Lo,Left,acetylcholine,0.84,128,LC24,Lo-LC24,Indirect,None,0,0,0,0,7,10,0,,
,720575940611623397,,vPN,visual_projection,Lo,Left,acetylcholine,0.83,128,LC24,Lo-LC24,Indirect,None,0,0,0,0,9,14,0,,
,720575940604426412,,vPN,visual_projection,Lo,Left,acetylcholine,0.79,128,LC24,Lo-LC24,Indirect,None,0,0,0,0,8,8,0,,
,720575940612672881,,vPN,visual_projection,Lo,Left,glutamate,0.76,128,LC24,Lo-LC24,Indirect,None,0,0,0,0,7,12,0,,
,720575940619008135,,vPN,visual_projection,Lo,Left,acetylcholine,0.76,128,LC24,Lo-LC24,Indirect,None,0,0,0,0,5,11,0,,
,720575940617473419,,vPN,visual_projection,Lo,Left,acetylcholine,0.51,128,LC24,Lo-LC24,Indirect,None,0,0,0,0,5,6,0,,
,720575940630204098,,vPN,visual_projection,Lo,Left,acetylcholine,0.72,129,LC15,Lo-LC15,Indirect,None,0,0,0,0,6,9,0,,
,720575940619685803,,vPN,visual_projection,Lo,Left,acetylcholine,0.71,129,LC15,Lo-LC15,Indirect,None,0,0,0,0,6,9,0,,
,720575940622511507,,vPN,visual_projection,Lo,Left,acetylcholine,0.71,129,LC15,Lo-LC15,Indirect,None,0,0,0,0,6,7,0,,
,720575940638126755,,vPN,visual_projection,Lo,Left,acetylcholine,0.69,129,LC15,Lo-LC15,Indirect,None,0,0,0,0,5,8,0,,
,720575940622321663,,vPN,visual_projection,Lo,Left,acetylcholine,0.69,129,LC15,Lo-LC15,Indirect,None,0,0,0,0,5,8,0,,
,720575940607641867,,vPN,visual_projection,Lo,Left,acetylcholine,0.69,129,LC15,Lo-LC15,Indirect,None,0,0,0,0,5,7,0,,
,720575940623230733,,vPN,visual_projection,Lo,Left,acetylcholine,0.66,129,LC15,Lo-LC15,Indirect,None,0,0,0,0,5,5,0,,
,720575940611439587,,vPN,visual_projection,Lo,Left,acetylcholine,0.65,129,LC15,Lo-LC15,Indirect,None,0,0,0,0,8,10,0,,
,720575940628530426,,vPN,visual_projection,Lo,Left,acetylcholine,0.75,129,LC15,Lo-LC15,Indirect,None,0,0,0,0,5,8,0,,
,720575940610026947,,vPN,visual_projection,Lo,Left,acetylcholine,0.74,129,LC15,Lo-LC15,Indirect,None,0,0,0,0,7,7,0,,
,720575940622497791,,vPN,visual_projection,Lo,Left,acetylcholine,0.73,129,LC15,Lo-LC15,Indirect,None,0,0,0,0,6,7,0,,
,720575940622723878,,vPN,visual_projection,Lo,Left,acetylcholine,0.72,129,LC15,Lo-LC15,Indirect,None,0,0,0,0,8,11,0,,
,720575940605007550,,vPN,visual_projection,Lo,Left,acetylcholine,0.71,129,LC15,Lo-LC15,Indirect,None,0,0,0,0,9,12,0,,
,720575940626342666,,vPN,visual_projection,Lo,Left,acetylcholine,0.69,129,LC15,Lo-LC15,Indirect,None,0,0,0,0,5,5,0,,
,720575940629515258,,vPN,visual_projection,Lo,Left,acetylcholine,0.68,129,LC15,Lo-LC15,Indirect,None,0,0,0,0,7,10,0,,
,720575940609548920,,vPN,visual_projection,Lo,Left,acetylcholine,0.64,129,LC15,Lo-LC15,Indirect,None,0,0,0,0,8,10,0,,
,720575940631258285,,vPN,visual_projection,Lo,Left,acetylcholine,0.6,130,LC26,Lo-LC26,Indirect,None,0,0,0,0,5,9,0,,
,720575940626577490,,vPN,visual_projection,Lo,Left,acetylcholine,0.57,130,LC26,Lo-LC26,Indirect,None,0,0,0,0,5,8,0,,
,720575940613783277,,vPN,visual_projection,Lo,Left,acetylcholine,0.86,133,LT87,Lo-LT87,Indirect,Indirect,0,0,0,0,11,26,0,,
,720575940627179270,,vPN,visual_projection,Lo,Left,acetylcholine,0.54,134,LC16,Lo-LC16,Indirect,None,0,0,0,0,6,6,0,,
,720575940628545406,,vPN,visual_projection,Lo,Left,acetylcholine,0.47,134,LC16,Lo-LC16,Indirect,None,0,0,0,0,5,5,0,,
,720575940633324627,,vPN,visual_projection,Lo,Left,acetylcholine,0.81,135,CB0095,Lo-CB0095,Indirect,None,0,0,0,0,5,11,0,,
,720575940618601473,,vPN,visual_projection,Lo,Left,glutamate,0.82,135,LC37,Lo-LC37,Indirect,None,0,0,0,0,34,41,0,,
,720575940621065712,,vPN,visual_projection,Lo,Left,glutamate,0.8,135,LC37,Lo-LC37,Indirect,Indirect,0,0,0,0,38,53,0,,
,720575940624919079,,vPN,visual_projection,Lo,Left,glutamate,0.77,135,LC37,Lo-LC37,Indirect,Indirect,0,0,0,0,10,53,0,,
,720575940627412123,,vPN,visual_projection,Lo,Left,glutamate,0.68,135,LC37,Lo-LC37,Indirect,Indirect,0,0,0,0,9,18,0,,
,720575940615612822,,vPN,visual_projection,Lo,Left,glutamate,0.66,135,LC37,Lo-LC37,Indirect,Indirect,0,0,0,0,9,40,0,,
,720575940631672632,,vPN,visual_projection,Lo,Left,glutamate,0.52,137,CL284,Lo-CL284,Indirect,None,0,0,0,0,,53,0,,
,720575940625802841,,vPN,visual_projection,Lo,Left,glutamate,0.67,141,PLP212,Lo-PLP212,Indirect,None,0,0,0,0,5,12,0,,
,720575940617631574,,vPN,visual_projection,Lo,Left,acetylcholine,0.93,142,LT72,Lo-LT72,Indirect,None,0,0,0,0,20,29,0,,
,720575940618774301,,vPN,visual_projection,Lo,Left,Unknown,,156,hb1159944202,Lo-156,Indirect,Indirect,0,0,0,0,,63,0,,
,720575940615799263,,vPN,visual_projection,Lo,Left,acetylcholine,0.93,157,hb574058475,Lo-157,Indirect,None,0,0,0,0,,25,0,,
,720575940625790904,,vPN,visual_projection,Lo,Left,acetylcholine,0.89,158,LO.1458,Lo-158,Indirect,None,0,0,0,0,,7,0,,
,720575940620464331,,vPN,visual_projection,Lo,Left,acetylcholine,0.88,159,LO.1694,Lo-159,Indirect,None,0,0,0,0,,14,0,,
,720575940617386309,,vPN,visual_projection,Lo,Left,glutamate,0.72,160,LO.ICL.26,Lo-160,Indirect,None,0,0,0,0,,14,0,,
,720575940645104840,,vPN,visual_projection,Lo,Left,gaba,0.9,161,LT43,Lo-LT43,Indirect,None,0,0,0,0,,10,0,,
,720575940610053827,,vPN,visual_projection,Lo,Left,gaba,0.88,161,LT43,Lo-LT43,Indirect,None,0,0,0,0,,12,0,,
,720575940629376528,,vPN,visual_projection,Lo,Right,gaba,0.91,161,LT43,Lo-LT43,Indirect,Indirect,0,0,0,0,,1,0,,
,720575940630879548,,vPN,visual_projection,Lo,Right,gaba,0.91,161,LT43,Lo-LT43,Indirect,Indirect,0,0,0,0,,0,0,,
,720575940616298470,,vPN,visual_projection,Me,Left,acetylcholine,0.9,162,"MC61, MC64","Me-MC61, MC64",Indirect,None,0,0,0,0,,7,0,,
,720575940610507618,,vPN,visual_projection,Me,Left,acetylcholine,0.9,162,"MC61, MC64","Me-MC61, MC64",Indirect,None,0,0,0,0,,15,0,,
yes,720575940627767568,7.21E+17,vPN,visual_projection,Me,Right,acetylcholine,0.73,163,MC62,MC62,None,Direct,0,0,10,1,,0,0,,The mirror twin formerly listed for this cell does not look like it
,720575940621591792,,vPN,visual_projection,Me,Left,acetylcholine,0.9,163,MC62,Me-MC62,Indirect,None,0,0,0,0,,14,0,,
,720575940611429233,,vPN,visual_projection,Me,Left,acetylcholine,0.92,163,MC62,Me-MC62,Indirect,None,0,0,0,0,,7,0,,
,720575940615121570,,vPN,visual_projection,Me,Left,acetylcholine,0.92,163,MC62,Me-MC62,Indirect,None,0,0,0,0,,19,0,,
,720575940627851657,,vPN,visual_projection,Me,Left,acetylcholine,0.94,163,MC62,Me-MC62,Indirect,None,0,0,0,0,,13,0,,
,720575940611794894,,vPN,visual_projection,Me,Left,acetylcholine,0.92,163,MC62,Me-MC62,Indirect,None,0,0,0,0,,9,0,,
,720575940635962223,,vPN,visual_projection,Me,Left,acetylcholine,0.89,163,MC62,Me-MC62,Indirect,None,0,0,0,0,,9,0,,
,720575940614259679,,vPN,visual_projection,Me,Left,acetylcholine,0.83,163,MC62,Me-MC62,Indirect,None,0,0,0,0,,19,0,,
,720575940632921144,,vPN,visual_projection,Me,Left,acetylcholine,0.89,163,MC62,Me-MC62,Indirect,None,0,0,0,0,,14,0,,
,720575940620024641,,vPN,visual_projection,Me,Left,acetylcholine,0.92,163,MC62,Me-MC62,Indirect,None,0,0,0,0,,15,0,,
,720575940620884062,,vPN,visual_projection,Me,Left,acetylcholine,0.89,163,MC62,Me-MC62,Indirect,None,0,0,0,0,,22,0,,
,720575940624279629,,vPN,visual_projection,Me,Left,acetylcholine,0.93,163,MC62,Me-MC62,Indirect,None,0,0,0,0,,25,0,,
,720575940625423618,,vPN,visual_projection,Me,Left,acetylcholine,0.87,163,MC62,Me-MC62,Indirect,None,0,0,0,0,,18,0,,
,720575940625684569,,vPN,visual_projection,Me,Left,acetylcholine,0.93,163,MC62,Me-MC62,Indirect,None,0,0,0,0,,18,0,,
,720575940626163837,,vPN,visual_projection,Me,Left,acetylcholine,0.91,163,MC62,Me-MC62,Indirect,None,0,0,0,0,,16,0,,
,720575940626710547,,vPN,visual_projection,Me,Left,acetylcholine,0.91,163,MC62,Me-MC62,Indirect,None,0,0,0,0,,15,0,,
,720575940628030567,,vPN,visual_projection,Me,Left,acetylcholine,0.51,163,MC62,Me-MC62,Indirect,None,0,0,0,0,,28,0,,
,720575940632940627,,vPN,visual_projection,Me,Left,acetylcholine,0.91,163,MC62,Me-MC62,Indirect,None,0,0,0,0,,13,0,,
,720575940628729722,,vPN,visual_projection,Me,Left,acetylcholine,0.93,163,MC62,Me-MC62,Indirect,None,0,0,0,0,,17,0,,
,720575940618824021,,vPN,visual_projection,Me,Left,acetylcholine,0.93,163,MC62,Me-MC62,Indirect,None,0,0,0,0,,6,0,,
,720575940627911579,,vPN,visual_projection,Me,Left,acetylcholine,0.9,163,MC62,Me-MC62,Indirect,None,0,0,0,0,,20,0,,
,720575940629730064,,vPN,visual_projection,Me,Left,acetylcholine,0.91,163,MC62,Me-MC62,Indirect,None,0,0,0,0,,14,0,,
,720575940616072081,,vPN,visual_projection,Me,Left,acetylcholine,0.92,163,MC62,Me-MC62,Indirect,None,0,0,0,0,,9,0,,
,720575940619378624,,vPN,visual_projection,Me,Left,acetylcholine,0.9,163,MC62,Me-MC62,Indirect,None,0,0,0,0,,20,0,,
,720575940626760872,,vPN,visual_projection,Me,Left,acetylcholine,0.92,163,MC62,Me-MC62,Indirect,None,0,0,0,0,,14,0,,
,720575940626779304,,vPN,visual_projection,Me,Left,acetylcholine,0.92,163,MC62,Me-MC62,Indirect,None,0,0,0,0,,20,0,,
,720575940631307339,,vPN,visual_projection,Me,Left,acetylcholine,0.92,163,MC62,Me-MC62,Indirect,None,0,0,0,0,,8,0,,
,720575940622785207,,vPN,visual_projection,Me,Left,acetylcholine,0.93,163,MC62,Me-MC62,Indirect,None,0,0,0,0,,26,0,,
,720575940624783760,,vPN,visual_projection,Me,Left,acetylcholine,0.9,163,MC62,Me-MC62,Indirect,None,0,0,0,0,,17,0,,
,720575940615041711,,vPN,visual_projection,Me,Left,acetylcholine,0.76,164,MC62,Me-MC62-b,Indirect,None,0,0,0,0,22,16,0,,
,720575940634033378,,vPN,visual_projection,Me,Left,acetylcholine,0.92,168,PLP.483,Me-168,Indirect,None,0,0,0,0,,12,0,,
,720575940624054015,,vPN,visual_projection,Me,Left,acetylcholine,0.91,169,PLP.547,Me-169,Indirect,None,0,0,0,0,,20,0,,
,720575940624473904,,vPN,visual_projection,Lo,Left,acetylcholine,0.88,170,PLP153,Lo-170,Indirect,None,0,0,0,0,,46,0,,
,720575940628139113,,vPN,visual_projection,Lo,Left,acetylcholine,0.95,171,PLP153,Lo-171,Indirect,None,0,0,0,0,,16,0,,
,720575940628275272,,vPN,visual_projection,Me,Left,acetylcholine,0.82,172,ME.18208,Me-172,Indirect,None,0,0,0,0,,11,0,,
,720575940619997854,,vPN,visual_projection,Me,Left,acetylcholine,0.9,172,ME.LO.12512,Me-172,Indirect,None,0,0,0,0,,25,0,,
,720575940619303237,,vPN,visual_projection,Me,Left,acetylcholine,0.82,173,ME.23502,Me-173,Indirect,None,0,0,0,0,,11,0,,
,720575940632640737,,vPN,visual_projection,Me,Left,acetylcholine,0.9,174,ME.PLP.228,Me-174,Indirect,None,0,0,0,0,,19,0,,
,720575940638410099,,vPN,visual_projection,Me,Left,acetylcholine,0.91,196,MC62,Me-MC62-c,Indirect,None,0,0,0,0,6,9,0,,
yes,720575940631760426,7.21E+17,vPN,visual_projection,Me,Left,acetylcholine,0.76,197,MC62,MC62-d,Direct,None,5,1,0,0,0,0,0,,No MC62 KCgd partners on the Right resemble this neuron
yes,720575940633617377,7.21E+17,LVIN,central,,Left,gaba,0.83,,MB-C1,ga-MB-C1,Direct,None,15,2,0,0,,308,0,,The mirror twin formerly listed for this cell is the mirror twin for another neuron in codex
,720575940640550563,,vPN,visual_projection,Lo,Right,Unknown, ,,hb1159944202,Lo-new,Indirect,None,0,0,0,0,,0,0,,
,720575940616663602,,vPN,visual_projection,Lo,Right,acetylcholine,0.88,,LO.1885,Lo-new,Indirect,None,0,0,0,0,,1,0,,
,720575940627496847,,vPN,visual_projection,Me,Right,acetylcholine,0.82,,MC62,Me-MC62,Indirect,None,0,0,0,0,,1,0,,
,720575940620393142,,vPN,visual_projection,Me,Right,acetylcholine,0.9,,ME.17312,Me-new,Indirect,Indirect,0,0,0,0,,0,0,,
,720575940631408159,,vPN,visual_projection,Me,Right,acetylcholine,0.89,,ME.PLP.229,Me-new,Indirect,Indirect,0,0,0,0,,0,0,,
,720575940621374374,,vPN,visual_projection,Lo,Right,acetylcholine,0.9,,"PLP011, SLP339","Lo-PLP011, SLP339",Indirect,Indirect,0,0,0,0,,0,0,,
,720575940614047890,,vPN,visual_projection,Lo,Right,acetylcholine,0.9,,"PLP011, SLP339","Lo-PLP011, SLP339",Indirect,Indirect,0,0,0,0,,1,0,,
yes,720575940634128063,7.21E+17,vPN,visual_projection,aMe,Left,acetylcholine,0.82,,aMe12,AMe12,None,Indirect,0,0,0,0,,25,0,,
yes,720575940653433590,7.21E+17,vPN,visual_projection,aMe,Left,glutamate,0.65,,aMe19a,AMe19a,None,Indirect,0,0,0,0,,1,0,,
,720575940624236543,,vPN,visual_projection,Lo,Right,acetylcholine,0.87,,CB0054,Lo-CB0054,None,Indirect,0,0,0,0,,0,0,,
,720575940631536415,,vPN,visual_projection,Lo,Right,acetylcholine,0.86,,CB0093,Lo-CB0093,None,Indirect,0,0,0,0,,0,0,,
,720575940616843718,,vPN,visual_projection,Me,Right,glutamate,0.53,,CB0123,Me-CB0123,None,Indirect,0,0,0,0,,0,0,,
,720575940611297070,,vPN,visual_projection,Lo,Right,acetylcholine,0.84,,CB0146,Lo-CB0146,None,Indirect,0,0,0,0,,2,0,,
,720575940618902100,,vPN,visual_projection,Me,Left,glutamate,0.56,,CB0383,Me-CB0383,None,Indirect,0,0,0,0,,0,0,,
,720575940631855447,,vPN,visual_projection,LoP,Right,glutamate,0.67,,CB0425,Lo-CB0425,None,Indirect,0,0,0,0,,1,0,,
,720575940618159197,,vPN,visual_projection,Lo,Right,acetylcholine,0.87,,CB0513,Lo-CB0513,None,Indirect,0,0,0,0,,8,0,,
,720575940618797981,,vPN,visual_projection,Me,Right,glutamate,0.63,,CB0577,Me-CB0577,None,Indirect,0,0,0,0,,12,0,,
,720575940618819668,,vPN,visual_projection,Me,Left,glutamate,0.57,,CB0577,Me-CB0577,None,Indirect,0,0,0,0,,15,0,,
,720575940632042065,,vPN,visual_projection,Lo,Right,glutamate,0.63,,CL284,Lo-CL284,None,Indirect,0,0,0,0,,0,0,,
,720575940619918203,,vPN,visual_projection,Lo,Left,acetylcholine,0.82,,hb1222778569,Lo-new,None,Indirect,0,0,0,0,,47,0,,
,720575940642533083,,vPN,visual_projection,Lo,Right,acetylcholine,0.89,,hb543702551,Lo-new,None,Indirect,0,0,0,0,,0,0,,
,720575940615827980,,vPN,visual_projection,Lo,Right,acetylcholine,0.95,,hb575063620,Lo-new,None,Indirect,0,0,0,0,,0,0,,
,720575940628912636,,vPN,visual_projection,Me,Right,acetylcholine,0.92,,hb759632919,Me-new,None,Indirect,0,0,0,0,,0,0,,
,720575940604030176,,vPN,visual_projection,Lo,Right,acetylcholine,0.79,,IB019,Lo-IB019,None,Indirect,0,0,0,0,,19,0,,
,720575940611826073,,vPN,visual_projection,Lo,Right,acetylcholine,0.82,,LC15,Lo-LC15,None,Indirect,0,0,0,0,,0,0,,
,720575940613488815,,vPN,visual_projection,Lo,Right,acetylcholine,0.78,,LC15,Lo-LC15,None,Indirect,0,0,0,0,,0,0,,
,720575940608601412,,vPN,visual_projection,Lo,Right,acetylcholine,0.85,,LC24,Lo-LC24,None,Indirect,0,0,0,0,,0,0,,
,720575940611138002,,vPN,visual_projection,Lo,Right,acetylcholine,0.81,,LC24,Lo-LC24,None,Indirect,0,0,0,0,,0,0,,
,720575940613411954,,vPN,visual_projection,Lo,Right,acetylcholine,0.83,,LC24,Lo-LC24,None,Indirect,0,0,0,0,,0,0,,
,720575940616739677,,vPN,visual_projection,Lo,Right,acetylcholine,0.86,,LC24,Lo-LC24,None,Indirect,0,0,0,0,,0,0,,
,720575940617589716,,vPN,visual_projection,Lo,Right,acetylcholine,0.76,,LC24,Lo-LC24,None,Indirect,0,0,0,0,,0,0,,
,720575940618314786,,vPN,visual_projection,Lo,Right,acetylcholine,0.81,,LC24,Lo-LC24,None,Indirect,0,0,0,0,,0,0,,
,720575940631670725,,vPN,visual_projection,Lo,Right,acetylcholine,0.76,,LC24,Lo-LC24,None,Indirect,0,0,0,0,,0,0,,
,720575940651619318,,vPN,visual_projection,Lo,Left,acetylcholine,0.76,,LC24,Lo-LC24,None,Indirect,0,0,0,0,,14,0,,
,720575940619488390,,vPN,visual_projection,Lo,Right,acetylcholine,0.79,,LC24,Lo-LC24,None,Indirect,0,0,0,0,,0,0,,
,720575940621111465,,vPN,visual_projection,Lo,Right,acetylcholine,0.85,,LC24,Lo-LC24,None,Indirect,0,0,0,0,,0,0,,
,720575940628147906,,vPN,visual_projection,Lo,Right,acetylcholine,0.83,,LC24,Lo-LC24,None,Indirect,0,0,0,0,,0,0,,
,720575940636885871,,vPN,visual_projection,Lo,Right,acetylcholine,0.79,,LC24,Lo-LC24,None,Indirect,0,0,0,0,,0,0,,
,720575940638730303,,vPN,visual_projection,Lo,Right,acetylcholine,0.72,,LC24,Lo-LC24,None,Indirect,0,0,0,0,,0,0,,
,720575940639850037,,vPN,visual_projection,Lo,Right,acetylcholine,0.75,,LC24,Lo-LC24,None,Indirect,0,0,0,0,,0,0,,
,720575940640747995,,vPN,visual_projection,Lo,Right,acetylcholine,0.85,,LC24,Lo-LC24,None,Indirect,0,0,0,0,,0,0,,
,720575940612422037,,vPN,visual_projection,Lo,Right,acetylcholine,0.65,,LC26,Lo-LC26,None,Indirect,0,0,0,0,,0,0,,
,720575940623038389,,vPN,visual_projection,Lo,Right,acetylcholine,0.77,,LC26,Lo-LC26,None,Indirect,0,0,0,0,,0,0,,
,720575940623725036,,vPN,visual_projection,Lo,Right,acetylcholine,0.68,,LC26,Lo-LC26,None,Indirect,0,0,0,0,,0,0,,
,720575940629795331,,vPN,visual_projection,Lo,Right,acetylcholine,0.61,,LC26,Lo-LC26,None,Indirect,0,0,0,0,,0,0,,
,720575940636189295,,vPN,visual_projection,Lo,Right,acetylcholine,0.76,,LC26,Lo-LC26,None,Indirect,0,0,0,0,,0,0,,
,720575940622810119,,vPN,visual_projection,Lo,Right,acetylcholine,0.86,,LC36,Lo-LC36,None,Indirect,0,0,0,0,,0,0,,
,720575940613456242,,vPN,visual_projection,Lo,Right,glutamate,0.68,,LC37,Lo-LC37,None,Indirect,0,0,0,0,,0,0,,
,720575940618270498,,vPN,visual_projection,Lo,Right,glutamate,0.82,,LC37,Lo-LC37,None,Indirect,0,0,0,0,,0,0,,
,720575940653299617,,vPN,visual_projection,Lo,Right,glutamate,0.85,,LC37,Lo-LC37,None,Indirect,0,0,0,0,,0,0,,
,720575940611112818,,vPN,visual_projection,Lo,Right,glutamate,0.66,,LC37,Lo-LC37,None,Indirect,0,0,0,0,,0,0,,
,720575940622404376,,vPN,visual_projection,Lo,Left,glutamate,0.75,,LC37,Lo-LC37,None,Indirect,0,0,0,0,,9,0,,
,720575940613004207,,vPN,visual_projection,Lo,Right,acetylcholine,0.88,,LC40,Lo-LC40,None,Indirect,0,0,0,0,,0,0,,
,720575940616688930,,vPN,visual_projection,Lo,Right,acetylcholine,0.84,,LC40,Lo-LC40,None,Indirect,0,0,0,0,,0,0,,
,720575940623325661,,vPN,visual_projection,Lo,Right,acetylcholine,0.88,,LC40,Lo-LC40,None,Indirect,0,0,0,0,,0,0,,
,720575940627777067,,vPN,visual_projection,Lo,Right,acetylcholine,0.82,,LC40,Lo-LC40,None,Indirect,0,0,0,0,,0,0,,
,720575940628584954,,vPN,visual_projection,Lo,Right,acetylcholine,0.91,,LC40,Lo-LC40,None,Indirect,0,0,0,0,,0,0,,
,720575940615290279,,vPN,visual_projection,Lo,Right,acetylcholine,0.82,,LC40,Lo-LC40,None,Indirect,0,0,0,0,,0,0,,
,720575940636712774,,vPN,visual_projection,Lo,Right,acetylcholine,0.88,,LC40,Lo-LC40,None,Indirect,0,0,0,0,,0,0,,
,720575940641948661,,vPN,visual_projection,Lo,Right,acetylcholine,0.94,,LC40,Lo-LC40,None,Indirect,0,0,0,0,,0,0,,
,720575940642843848,,vPN,visual_projection,Lo,Right,acetylcholine,0.9,,LC40,Lo-LC40,None,Indirect,0,0,0,0,,0,0,,
,720575940641240205,,vPN,visual_projection,Lo,Right,acetylcholine,0.93,,LC41,Lo-LC41,None,Indirect,0,0,0,0,,0,0,,
,720575940626850247,,vPN,visual_projection,Lo,Right,acetylcholine,0.92,,LC41,Lo-LC41,None,Indirect,0,0,0,0,,0,0,,
,720575940614687931,,vPN,visual_projection,Lo,Left,acetylcholine,0.91,,LC41,Lo-LC41,None,Indirect,0,0,0,0,,11,0,,
,720575940629607696,,vPN,visual_projection,Lo,Left,acetylcholine,0.9,,LC41,Lo-LC41,None,Indirect,0,0,0,0,,10,0,,
,720575940634331036,,vPN,visual_projection,Lo,Right,acetylcholine,0.85,,LC43,Lo-LC43,None,Indirect,0,0,0,0,,0,0,,
,720575940623894825,,vPN,visual_projection,Lo,Right,acetylcholine,0.92,,LO.1299,Lo-new,None,Indirect,0,0,0,0,,0,0,,
,720575940621309110,,vPN,visual_projection,Lo,Right,acetylcholine,0.94,,LO.1692,Lo-new,None,Indirect,0,0,0,0,,0,0,,
,720575940614792744,,vPN,visual_projection,Lo,Right,acetylcholine,0.85,,LO.445,Lo-new,None,Indirect,0,0,0,0,,0,0,,
,720575940622856780,,vPN,visual_projection,Lo,Right,acetylcholine,0.91,,LO.811,Lo-new,None,Indirect,0,0,0,0,,0,0,,
,720575940605476994,,vPN,visual_projection,Me,Right,acetylcholine,0.87,,LO.AOTU.376,Me-new,None,Indirect,0,0,0,0,,11,0,,
,720575940621353793,,vPN,visual_projection,Lo,Right,glutamate,0.76,,LO.ICL.5,Lo-new,None,Indirect,0,0,0,0,,0,0,,
,720575940623382237,,vPN,visual_projection,Lo,Right,acetylcholine,0.87,,LO.PLP.123,Lo-new,None,Indirect,0,0,0,0,,0,0,,
,720575940616608454,,vPN,visual_projection,Lo,Right,acetylcholine,0.87,,LO.PLP.3,Lo-new,None,Indirect,0,0,0,0,,0,0,,
,720575940620851777,,vPN,visual_projection,Lo,Right,acetylcholine,0.88,,LO.PLP.381,Lo-new,None,Indirect,0,0,0,0,,0,0,,
,720575940631146716,,vPN,visual_projection,Lo,Right,acetylcholine,0.89,,LO.PLP.44,Lo-new,None,Indirect,0,0,0,0,,0,0,,
,720575940604584416,,vPN,visual_projection,Lo,Right,acetylcholine,0.94,,LO.PLP.80,Lo-new,None,Indirect,0,0,0,0,,0,0,,
,720575940637329754,,vPN,visual_projection,Lo,Right,acetylcholine,0.89,,LO.PLP.86,Lo-new,None,Indirect,0,0,0,0,,0,0,,
,720575940610983091,,vPN,visual_projection,Lo,Right,glutamate,0.67,,LO.PVLP.248,Lo-new,None,Indirect,0,0,0,0,,0,0,,
,720575940617672790,,vPN,visual_projection,Lo,Right,acetylcholine,0.65,,LO.PVLP.888,Lo-new,None,Indirect,0,0,0,0,,0,0,,
,720575940628119339,,vPN,visual_projection,Lo,Right,glutamate,0.54,,LO.SPS.100,Lo-new,None,Indirect,0,0,0,0,,0,0,,
,720575940605797222,,vPN,visual_projection,Lo,Right,glutamate,0.47,,LO.SPS.97,Lo-new,None,Indirect,0,0,0,0,,0,0,,
,720575940618703636,,vPN,visual_projection,Lo,Right,glutamate,0.58,,LT51,LT51,None,Indirect,0,0,0,0,,0,0,,
,720575940617516689,,vPN,visual_projection,Lo,Right,acetylcholine,0.89,,LT57,LT57,None,Indirect,0,0,0,0,,0,0,,
,720575940626339405,,vPN,visual_projection,Lo,Right,acetylcholine,0.87,,LT57,LT57,None,Indirect,0,0,0,0,,0,0,,
,720575940628286888,,vPN,visual_projection,Lo,Right,acetylcholine,0.89,,LT57,LT57,None,Indirect,0,0,0,0,,0,0,,
,720575940615522706,,vPN,visual_projection,Lo,Right,acetylcholine,0.82,,LT59,Lo-LT59,None,Indirect,0,0,0,0,,0,0,,
,720575940617151861,,vPN,visual_projection,Lo,Right,Unknown,,,LT68,LT68,None,Indirect,0,0,0,0,,0,0,,
,720575940627511582,,vPN,visual_projection,Lo,Right,glutamate,0.45,,LT68,LT68,None,Indirect,0,0,0,0,,0,0,,
,720575940633614253,,vPN,visual_projection,Lo,Right,acetylcholine,0.93,,LT72,LT72,None,Indirect,0,0,0,0,,0,0,,
,720575940638602842,,vPN,visual_projection,Lo,Right,glutamate,0.65,,LT74,LT74,None,Indirect,0,0,0,0,,0,0,,
,720575940629046377,,vPN,visual_projection,Lo,Right,acetylcholine,0.84,,LT85,LT85,None,Indirect,0,0,0,0,,0,0,,
,720575940623987214,,vPN,visual_projection,Me,Right,acetylcholine,0.92,,"MC61, MC64","MC61, MC64",None,Indirect,0,0,0,0,,0,0,,
,720575940628321284,,vPN,visual_projection,Me,Right,acetylcholine,0.93,,"MC61, MC64","MC61, MC64",None,Indirect,0,0,0,0,,4,0,,
,720575940618758592,,vPN,visual_projection,Me,Right,acetylcholine,0.9,,"MC61, MC64","MC61, MC64",None,Indirect,0,0,0,0,,9,0,,
,720575940627619687,,vPN,visual_projection,Me,Right,acetylcholine,0.94,,"MC61, MC64","MC61, MC64",None,Indirect,0,0,0,0,,10,0,,
,720575940618964672,,vPN,visual_projection,Me,Right,acetylcholine,0.87,,"MC61, MC64","MC61, MC64",None,Indirect,0,0,0,0,,8,0,,
,720575940627322627,,vPN,visual_projection,Me,Right,acetylcholine,0.89,,"MC61, MC64","MC61, MC64",None,Indirect,0,0,0,0,,8,0,,
,720575940632798177,,vPN,visual_projection,Me,Right,acetylcholine,0.91,,"MC61, MC64","MC61, MC64",None,Indirect,0,0,0,0,,6,0,,
,720575940611128818,,vPN,visual_projection,Me,Right,acetylcholine,0.89,,MC62,MC62,None,Indirect,0,0,0,0,,0,0,,
,720575940614400415,,vPN,visual_projection,Me,Right,acetylcholine,0.87,,MC62,MC62,None,Indirect,0,0,0,0,,0,0,,
,720575940617315329,,vPN,visual_projection,Me,Right,acetylcholine,0.86,,MC62,MC62,None,Indirect,0,0,0,0,,0,0,,
,720575940618712523,,vPN,visual_projection,Me,Right,acetylcholine,0.87,,MC62,MC62,None,Indirect,0,0,0,0,,0,0,,
,720575940620009069,,vPN,visual_projection,Me,Right,acetylcholine,0.9,,MC62,MC62,None,Indirect,0,0,0,0,,0,0,,
,720575940620743151,,vPN,visual_projection,Me,Right,acetylcholine,0.91,,MC62,MC62,None,Indirect,0,0,0,0,,0,0,,
,720575940623957432,,vPN,visual_projection,Me,Right,acetylcholine,0.88,,MC62,MC62,None,Indirect,0,0,0,0,,0,0,,
,720575940617893789,,vPN,visual_projection,Me,Left,acetylcholine,0.77,,MC62,MC62,None,Indirect,0,0,0,0,,15,0,,
,720575940629162551,,vPN,visual_projection,Me,Left,acetylcholine,0.79,,MC62,MC62,None,Indirect,0,0,0,0,,14,0,,
,720575940625256732,,vPN,visual_projection,Me,Left,acetylcholine,0.83,,MC62,MC62,None,Indirect,0,0,0,0,,12,0,,
,720575940626893258,,vPN,visual_projection,Me,Left,acetylcholine,0.75,,MC62,MC62,None,Indirect,0,0,0,0,,11,0,,
,720575940633527085,,vPN,visual_projection,Me,Left,acetylcholine,0.77,,MC62,MC62,None,Indirect,0,0,0,0,,7,0,,
,720575940617487477,,vPN,visual_projection,Me,Left,acetylcholine,0.74,,MC62,MC62,None,Indirect,0,0,0,0,,8,0,,
,720575940626811497,,vPN,visual_projection,Me,Right,acetylcholine,0.87,,MC62,MC62,None,Indirect,0,0,0,0,,0,0,,
,720575940629154108,,vPN,visual_projection,Me,Right,acetylcholine,0.81,,MC62,MC62,None,Indirect,0,0,0,0,,0,0,,
,720575940630017275,,vPN,visual_projection,Me,Right,acetylcholine,0.86,,MC62,MC62,None,Indirect,0,0,0,0,,0,0,,
,720575940624485828,,vPN,visual_projection,Me,Right,acetylcholine,0.84,,MC62,MC62,None,Indirect,0,0,0,0,,0,0,,
,720575940637453545,,vPN,visual_projection,Me,Right,acetylcholine,0.87,,MC62,MC62,None,Indirect,0,0,0,0,,0,0,,
,720575940646151044,,vPN,visual_projection,Me,Right,acetylcholine,0.86,,MC62,MC62,None,Indirect,0,0,0,0,,0,0,,
,720575940615896971,,vPN,visual_projection,Me,Right,acetylcholine,0.83,,MC62,Me-MC62,None,Indirect,0,0,0,0,,0,0,,
,720575940620777153,,vPN,visual_projection,Me,Right,acetylcholine,0.92,,MC62,Me-MC62,None,Indirect,0,0,0,0,,0,0,,
,720575940621650175,,vPN,visual_projection,Me,Right,acetylcholine,0.86,,MC62,Me-MC62,None,Indirect,0,0,0,0,,0,0,,
,720575940622404120,,vPN,visual_projection,Me,Right,acetylcholine,0.9,,MC62,Me-MC62,None,Indirect,0,0,0,0,,0,0,,
,720575940623725035,,vPN,visual_projection,Me,Right,acetylcholine,0.85,,MC62,Me-MC62,None,Indirect,0,0,0,0,,0,0,,
,720575940625552003,,vPN,visual_projection,Me,Right,acetylcholine,0.88,,MC62,Me-MC62,None,Indirect,0,0,0,0,,0,0,,
,720575940625811096,,vPN,visual_projection,Me,Right,acetylcholine,0.9,,MC62,Me-MC62,None,Indirect,0,0,0,0,,0,0,,
,720575940628047363,,vPN,visual_projection,Me,Right,acetylcholine,0.91,,MC62,Me-MC62,None,Indirect,0,0,0,0,,0,0,,
,720575940628509306,,vPN,visual_projection,Me,Right,acetylcholine,0.9,,MC62,Me-MC62,None,Indirect,0,0,0,0,,0,0,,
,720575940629252815,,vPN,visual_projection,Me,Right,acetylcholine,0.88,,MC62,Me-MC62,None,Indirect,0,0,0,0,,0,0,,
,720575940631057223,,vPN,visual_projection,Me,Right,acetylcholine,0.82,,MC62,Me-MC62,None,Indirect,0,0,0,0,,0,0,,
,720575940634505720,,vPN,visual_projection,Me,Right,acetylcholine,0.85,,MC62,Me-MC62,None,Indirect,0,0,0,0,,0,0,,
,720575940637025855,,vPN,visual_projection,Me,Right,acetylcholine,0.83,,MC62,Me-MC62,None,Indirect,0,0,0,0,,0,0,,
,720575940644343968,,vPN,visual_projection,Me,Right,acetylcholine,0.87,,MC62,Me-MC62,None,Indirect,0,0,0,0,,0,0,,
,720575940630725826,,vPN,visual_projection,Me,Right,acetylcholine,0.86,,MC65,MC65,None,Indirect,0,0,0,0,,0,0,,
,720575940607527947,,vPN,visual_projection,Me,Right,glutamate,0.65,,ME.11787,Me-new,None,Indirect,0,0,0,0,,0,0,,
,720575940624344358,,vPN,visual_projection,Me,Right,acetylcholine,0.91,,ME.12825,Me-new,None,Indirect,0,0,0,0,,0,0,,
,720575940603397088,,vPN,visual_projection,Me,Right,acetylcholine,0.92,,ME.14380,Me-new,None,Indirect,0,0,0,0,,0,0,,
,720575940651521782,,vPN,visual_projection,Me,Right,acetylcholine,0.87,,ME.14885,Me-new,None,Indirect,0,0,0,0,,0,0,,
,720575940633211217,,vPN,visual_projection,Me,Right,acetylcholine,0.88,,ME.20683,Me-new,None,Indirect,0,0,0,0,,0,0,,
,720575940619308820,,vPN,visual_projection,Me,Right,acetylcholine,0.95,,ME.26067,Me-new,None,Indirect,0,0,0,0,,0,0,,
,720575940627104258,,vPN,visual_projection,Me,Left,acetylcholine,0.75,,ME.3411,Me-new,None,Indirect,0,0,0,0,,6,0,,
,720575940619983518,,vPN,visual_projection,Me,Right,acetylcholine,0.9,,ME.4900,Me-new,None,Indirect,0,0,0,0,,0,0,,
,720575940621413467,,vPN,visual_projection,Me,Right,acetylcholine,0.86,,ME.5294,Me-new,None,Indirect,0,0,0,0,,0,0,,
,720575940622497630,,vPN,visual_projection,Me,Right,glutamate,0.65,,ME.6073,Me-new,None,Indirect,0,0,0,0,,0,0,,
,720575940617975675,,vPN,visual_projection,Me,Right,acetylcholine,0.87,,ME.PLP.104,Me-new,None,Indirect,0,0,0,0,,0,0,,
,720575940639755891,,vPN,visual_projection,Me,Right,acetylcholine,0.92,,ME.PLP.117,Me-new,None,Indirect,0,0,0,0,,0,0,,
,720575940628476392,,vPN,visual_projection,Me,Right,glutamate,0.6,,ME.PLP.136,Me-new,None,Indirect,0,0,0,0,,0,0,,
,720575940622660490,,vPN,visual_projection,Me,Right,glutamate,0.63,,ME.PLP.138,Me-new,None,Indirect,0,0,0,0,,0,0,,
,720575940616850333,,vPN,visual_projection,Me,Right,acetylcholine,0.91,,ME.PLP.175,Me-new,None,Indirect,0,0,0,0,,0,0,,
,720575940617944379,,vPN,visual_projection,Me,Right,acetylcholine,0.91,,ME.PLP.185,Me-new,None,Indirect,0,0,0,0,,0,0,,
,720575940619181551,,vPN,visual_projection,Me,Left,acetylcholine,0.75,,ME.PLP.232,Me-new,None,Indirect,0,0,0,0,,15,0,,
,720575940634064831,,vPN,visual_projection,Me,Right,acetylcholine,0.91,,ME.PLP.239,Me-new,None,Indirect,0,0,0,0,,0,0,,
,720575940628787052,,vPN,visual_projection,Me,Right,acetylcholine,0.86,,ME.PLP.251,Me-new,None,Indirect,0,0,0,0,,0,0,,
,720575940624999370,,vPN,visual_projection,Me,Right,acetylcholine,0.84,,ME.PLP.252,Me-new,None,Indirect,0,0,0,0,,0,0,,
,720575940632477101,,vPN,visual_projection,Me,Right,acetylcholine,0.85,,ME.PLP.279,Me-new,None,Indirect,0,0,0,0,,0,0,,
,720575940618167645,,vPN,visual_projection,Me,Right,acetylcholine,0.89,,ME.PLP.29,Me-new,None,Indirect,0,0,0,0,,0,0,,
,720575940630541050,,vPN,visual_projection,Me,Right,acetylcholine,0.92,,ME.PLP.290,Me-new,None,Indirect,0,0,0,0,,0,0,,
,720575940611712632,,vPN,visual_projection,Me,Right,acetylcholine,0.94,,ME.PLP.46,Me-new,None,Indirect,0,0,0,0,,0,0,,
,720575940616207628,,vPN,visual_projection,Me,Right,acetylcholine,0.73,,ME.PLP.54,Me-new,None,Indirect,0,0,0,0,,0,0,,
,720575940632834188,,vPN,visual_projection,Me,Right,acetylcholine,0.44,,ME.PLP.61,Me-new,None,Indirect,0,0,0,0,,0,0,,
,720575940632102930,,vPN,visual_projection,Me,Right,gaba,0.77,,ME.PLP.64,Me-new,None,Indirect,0,0,0,0,,0,0,,
,720575940625914501,,vPN,visual_projection,Me,Right,gaba,0.87,,ME.PLP.68,Me-new,None,Indirect,0,0,0,0,,0,0,,
,720575940616455261,,vPN,visual_projection,Me,Right,glutamate,0.51,,ME.PLP.9,Me-new,None,Indirect,0,0,0,0,,0,0,,
,720575940637321870,,vPN,visual_projection,Me,Right,acetylcholine,0.85,,ME.SCL.3,Me-new,None,Indirect,0,0,0,0,,0,0,,
,720575940632267112,,vPN,visual_projection,Ocellar,Left,acetylcholine,0.95,,OCG04,OCG04,None,Indirect,0,0,0,0,,13,0,,
,720575940633513645,,vPN,visual_projection,Ocellar,Left,acetylcholine,0.97,,OCG04,OCG04,None,Indirect,0,0,0,0,,11,0,,
,720575940628394455,,vPN,visual_projection,Lo,Right,acetylcholine,0.9,,PLP.484,Lo-new,None,Indirect,0,0,0,0,,0,0,,
,720575940613355175,,vPN,visual_projection,LoP,Right,acetylcholine,0.73,,PLP.498,Lo-new,None,Indirect,0,0,0,0,,0,0,,
,720575940603596972,,vPN,visual_projection,Lo,Right,acetylcholine,0.89,,PLP.511,Lo-new,None,Indirect,0,0,0,0,,0,0,,
,720575940618945872,,vPN,visual_projection,Me,Right,acetylcholine,0.87,,PLP.580,Me-new,None,Indirect,0,0,0,0,,0,0,,
,720575940610120405,,vPN,visual_projection,LoP,Right,acetylcholine,0.76,,PLP.601,Lo-new,None,Indirect,0,0,0,0,,0,0,,
,720575940627091006,,vPN,visual_projection,Lo,Right,acetylcholine,0.93,,PLP125,Lo-PLP125,None,Indirect,0,0,0,0,,0,0,,
,720575940624304423,,vPN,visual_projection,Lo,Right,acetylcholine,0.92,,PLP125,PLP125,None,Indirect,0,0,0,0,,1,0,,
,720575940627221763,,vPN,visual_projection,Lo,Right,acetylcholine,0.89,,PLP147,Lo-PLP147,None,Indirect,0,0,0,0,,0,0,,
,720575940616047249,,vPN,visual_projection,Lo,Right,acetylcholine,0.9,,PLP153,Lo-PLP153,None,Indirect,0,0,0,0,,0,0,,
,720575940625967390,,vPN,visual_projection,Lo,Right,acetylcholine,0.89,,PLP153,Lo-PLP153,None,Indirect,0,0,0,0,,0,0,,
,720575940627322923,,vPN,visual_projection,Lo,Right,acetylcholine,0.88,,PLP153,Lo-PLP153,None,Indirect,0,0,0,0,,0,0,,
,720575940629791563,,vPN,visual_projection,Lo,Right,acetylcholine,0.95,,PLP153,Lo-PLP153,None,Indirect,0,0,0,0,,0,0,,
,720575940604616806,,vPN,visual_projection,Lo,Right,acetylcholine,0.93,,PLP153,PLP153,None,Indirect,0,0,0,0,,0,0,,
,720575940624774839,,vPN,visual_projection,Me,Right,acetylcholine,0.88,,PLP179,Me-PLP179,None,Indirect,0,0,0,0,,1,0,,
,720575940618446296,,vPN,visual_projection,LoP,Right,acetylcholine,0.68,,PLP207,Lo-PLP207,None,Indirect,0,0,0,0,,0,0,,
,720575940620997396,,vPN,visual_projection,Lo,Right,glutamate,0.75,,PLP212,Lo-PLP212,None,Indirect,0,0,0,0,,0,0,,
,720575940620689136,,vPN,visual_projection,Lo,Right,acetylcholine,0.86,,SCL.PLP.12,SCL.PLP.12,None,Indirect,0,0,0,0,,0,0,,
,720575940635455679,,vPN,visual_projection,Lo,Right,acetylcholine,0.92,,SLP219,Lo-SLP219,None,Indirect,0,0,0,0,,0,0,,
,720575940619321157,,vPN,visual_projection,Lo,Right,acetylcholine,0.87,,SMP.1000,Lo-new,None,Indirect,0,0,0,0,,5,0,,
,720575940634603930,,vPN,visual_projection,Lo,Right,acetylcholine,0.88,,SMP241,Lo-SMP241,None,Indirect,0,0,0,0,,0,0,,
,720575940624085991,,vPN,visual_projection,Lo,Left,acetylcholine,0.88,,SMP241,Lo-SMP241,None,Indirect,0,0,0,0,,13,0,,
,720575940634061779,,vPN,visual_projection,Lo,Left,acetylcholine,0.92,,VES044,Lo-VES044,None,Indirect,0,0,0,0,,35,0,,
,720575940625458064,,vPN,visual_projection,Lo,Right,acetylcholine,0.92,,VES044,VES044,None,Indirect,0,0,0,0,,0,0,,
,720575940658655873,,vPN,visual_projection,Lo,Right,acetylcholine,0.9,,VES044,VES044,None,Indirect,0,0,0,0,,1,0,,
,720575940636217012,,vPN,visual_projection,Lo,Right,acetylcholine,0.88,,VES080,Lo-VES080,None,Indirect,0,0,0,0,,3,0,,
,720575940607401138,,vPN,visual_projection,LoP,Right,acetylcholine,0.87,,WED068,Lo-WED068,None,Indirect,0,0,0,0,,7,0,,