v630 Neuron ID,Neuron ID 05Oct2023,VPN or LVIN,FlyWire Super Class,Source of Visual Input,Cell Body Position,NT prediction,NT prediction score,NBLAST cluster,Type,Pathway to MB Left,Pathway to MB Right,Synapses to KCg-d_Left,# of KCg-d Partners_Left,Synapses to KCg-d_Right,# of KCg-d Partners_Right,Mirror Twin 
720575940640715392,720575940640715392,VPN,visual_projection,aMe,Left,acetylcholine,0.89,8,aMe12,Both,Both,367,24,204,16,720575940613103283
720575940628071311,720575940640836952,VPN,visual_projection,aMe,Right,acetylcholine,0.88,8,aMe12,Both,Both,259,23,470,32,720575940640715392
720575940622446106,720575940622446106,VPN,visual_projection,aMe,Left,acetylcholine,0.93,8,aMe12,Both,Both,230,17,41,5,720575940647731252
720575940641698523,720575940609627403,VPN,visual_projection,aMe,Left,acetylcholine,0.93,8,aMe12,Direct,Both,184,15,62,6,720575940621438123
720575940613151385,720575940625459464,VPN,visual_projection,aMe,Right,acetylcholine,0.93,8,aMe12,Both,Both,40,4,155,14,720575940609627403
720575940625261804,720575940647731252,VPN,visual_projection,aMe,Right,acetylcholine,0.94,8,aMe12,Both,Both,16,2,126,10,720575940622446106
720575940629299543,720575940632489743,VPN,visual_projection,aMe,Right,acetylcholine,0.93,8,aMe12,Both,Both,14,2,113,9,720575940609627403
720575940615149836,720575940615149836,VPN,visual_projection,aMe,Left,acetylcholine,0.95,81,aMe20,Both,None,472,23,0,0,720575940622227213
720575940632680223,720575940616412738,VPN,visual_projection,aMe,Left,acetylcholine,0.94,25,aMe26_L,Both,Indirect,30,3,0,0,0
720575940653067254,720575940631298860,VPN,visual_projection,aMe,Left,acetylcholine,0.93,25,aMe26_L,Both,Indirect,20,1,0,0,0
720575940625679911,720575940613941475,VPN,visual_projection,aMe,Left,acetylcholine,0.93,25,aMe26_L,Both,Indirect,16,2,0,0,0
720575940621526143,720575940633292113,VPN,visual_projection,aMe,Right,acetylcholine,0.94,29,aMe26_R,Both,Both,12,1,6,1,0
720575940614483887,720575940632823144,VPN,visual_projection,aMe,Right,acetylcholine,0.92,29,aMe26_R,Both,Both,8,1,9,1,0
720575940631783372,720575940631783372,LVIN,central,NA - LVIN,Left,acetylcholine,0.9,,AVLP041,Direct,None,25,2,0,0,720575940609526318
720575940632219361,720575940632219361,LVIN,central,NA - LVIN,Left,acetylcholine,0.87,,AVLP043,Direct,None,72,4,0,0,720575940609329102
720575940618422941,720575940618422941,LVIN,central,NA - LVIN,Left,acetylcholine,0.86,,AVLP043,Direct,None,29,2,0,0,720575940619676507
720575940613126117,720575940632707944,VPN,visual_projection,Me,Left,acetylcholine,0.91,9,CB0081,Both,None,145,6,0,0,720575940626497286
720575940625315260,720575940635535511,VPN,visual_projection,Me,Left,acetylcholine,0.96,18,CB0111,Both,None,605,32,0,0,720575940605862345
720575940623406605,720575940631706105,VPN,visual_projection,Me,Left,acetylcholine,0.92,143,CB0156,Direct,Indirect,854,33,0,0,720575940614139559
720575940631147382,720575940623139610,VPN,visual_projection,Me,Left,acetylcholine,0.84,60,CB0165,Both,None,11,1,0,0,720575940625055758
720575940627710992,720575940635960255,VPN,visual_projection,Me,Left,acetylcholine,0.89,103,CB0167,Both,None,13,2,0,0,720575940629002246
720575940628838474,720575940632404555,VPN,visual_projection,Me,Left,acetylcholine,0.87,188,CB0171,Both,None,89,4,0,0,720575940618034662
720575940635489387,720575940635489387,VPN,visual_projection,Lo,Left,acetylcholine,0.94,191,CB0274,Both,None,266,11,0,0,720575940620654975
720575940642484109,720575940642602203,VPN,visual_projection,Me,Left,acetylcholine,0.93,1,CB0304,Both,None,206,13,0,0,720575940622596393
720575940630737516,720575940630737516,VPN,visual_projection,Me,Left,acetylcholine,0.92,184,CB0389,Both,None,313,26,0,0,720575940643873440
720575940624951847,720575940624951847,LVIN,central,NA - LVIN,Left,gaba,0.85,,CL063,Direct,None,106,17,0,0,720575940614374034
720575940619522974,720575940619522974,LVIN,central,NA - LVIN,Left,acetylcholine,0.92,,CL200,Direct,None,23,2,0,0,720575940615713478
720575940622350550,720575940622350550,LVIN,central,NA - LVIN,Left,acetylcholine,0.88,,CL258,Direct,None,184,10,0,0,720575940618810533
720575940603976672,720575940603976672,LVIN,central,NA - LVIN,Left,acetylcholine,0.88,,CL258,Direct,None,114,7,0,0,720575940631611679
720575940632652319,720575940632652319,LVIN,central,NA - LVIN,Left,acetylcholine,0.55,,CL352,Direct,None,7,1,0,0,720575940623805448
720575940605029664,720575940645913367,VPN,visual_projection,Lo,Left,acetylcholine,0.91,35,hb697882667,Both,None,517,24,0,0,720575940641285005
720575940615438495,720575940615438495,LVIN,central,NA - LVIN,Left,acetylcholine,0.96,,LHPV3c1,Direct,None,102,4,0,0,720575940630914245
720575940635718255,720575940635718255,LVIN,central,NA - LVIN,Left,acetylcholine,0.97,,LHPV8c1,Direct,None,49,4,0,0,720575940618582592
720575940607578460,720575940617101580,VPN,visual_projection,Lo,Left,acetylcholine,0.91,175,LO.515,Direct,None,10,1,0,0,720575940629259831
720575940620455408,720575940620455408,VPN,visual_projection,Lo,Left,acetylcholine,0.95,47,LO.PLP.109,Both,None,47,6,0,0,720575940618856768
720575940626849866,720575940626849866,VPN,visual_projection,Lo,Left,acetylcholine,0.89,38,LO.PLP.479,Direct,None,5,1,0,0,720575940631356580
720575940624587447,720575940624587447,VPN,visual_projection,Lo,Left,acetylcholine,0.93,144,LO.PLP.77,Both,None,10,1,0,0,0
720575940630585704,720575940630585704,VPN,visual_projection,Lo,Left,acetylcholine,0.89,178,LO.SCL.7,Direct,None,111,8,0,0,720575940615691348
720575940622891242,720575940622891242,VPN,visual_projection,Lo,Left,acetylcholine,0.89,178,LO.SLP.12,Direct,None,101,8,0,0,720575940622984701
720575940613323378,720575940633183628,VPN,visual_projection,Lo,Left,acetylcholine,0.9,99,LT57,Both,None,5,1,0,0,0
720575940635169888,720575940635169888,VPN,visual_projection,Lo,Left,acetylcholine,0.92,192,LT67,Both,None,9,1,0,0,720575940632393320
720575940617883003,720575940617883003,VPN,visual_projection,Lo,Left,acetylcholine,0.86,193,LT75,Both,None,60,3,0,0,720575940616620571
720575940633617377,720575940606769854,LVIN,central,NA - LVIN,Left,gaba,0.83,,MB-C1,Direct,None,15,2,0,0,0
720575940611425203,720575940632423439,VPN,visual_projection,Me,Left,acetylcholine,0.84,4,MC62,Direct,None,13,1,0,0,0
720575940631760426,720575940628804424,VPN,visual_projection,Me,Left,acetylcholine,0.76,197,MC62,Direct,None,5,1,0,0,0
720575940619017387,720575940619017387,VPN,visual_projection,Me,Left,acetylcholine,0.91,15,ME.1557,Direct,None,11,2,0,0,720575940614589599
720575940611955057,720575940637511525,VPN,visual_projection,Me,Left,acetylcholine,0.91,179,ME.745,Both,None,53,5,0,0,720575940630396282
720575940621025262,720575940631057468,VPN,visual_projection,Me,Left,acetylcholine,0.94,10,ME.897,Both,Indirect,17,1,0,0,720575940617584273
720575940640438643,720575940640438643,VPN,visual_projection,Me,Left,acetylcholine,0.91,15,ME.PLP.36,Both,None,28,3,0,0,720575940621207211
720575940628884183,720575940628884183,VPN,visual_projection,Me,Left,acetylcholine,0.93,182,ME.PLP.37,Both,None,82,4,0,0,720575940645794595
720575940639522357,720575940628913404,VPN,visual_projection,Me,Left,acetylcholine,0.9,15,ME.PLP.42,Direct,None,20,3,0,0,720575940622337674
720575940624158195,720575940630575042,VPN,visual_projection,Me,Left,acetylcholine,0.9,186,ME.SLP.2,Direct,None,17,2,0,0,720575940634837660
720575940625733453,720575940625733453,VPN,visual_projection,Me,Left,acetylcholine,0.92,1,PLP.203,Direct,None,5,1,0,0,0
720575940622440461,720575940622440461,LVIN,central,NA - LVIN,Left,Unknown,NA,,PLP.349,Direct,None,5,1,0,0,0
720575940627256586,720575940620343345,LVIN,central,NA - LVIN,Left,acetylcholine,0.9,,PLP.78,Direct,None,438,24,0,0,720575940615746316
720575940618007508,720575940638192496,VPN,visual_projection,Lo,Left,acetylcholine,0.95,90,PLP091,Both,Indirect,95,9,0,0,720575940621673852
720575940631718930,720575940631718930,LVIN,central,NA - LVIN,Left,acetylcholine,0.89,,"PLP120, PLP145",Direct,None,75,6,0,0,720575940630610488
720575940630124050,720575940630124050,LVIN,central,NA - LVIN,Left,acetylcholine,0.92,,"PLP120, PLP145",Direct,None,50,5,0,0,720575940616355028
720575940638264629,720575940616992454,VPN,visual_projection,Lo,Left,acetylcholine,0.93,194,PLP126,Both,None,6,1,0,0,720575940636557796
720575940626248250,720575940626248250,LVIN,central,NA - LVIN,Left,gaba,0.83,,PLP131,Direct,None,5,1,0,0,720575940630520059
720575940610516430,720575940618445497,LVIN,central,NA - LVIN,Left,acetylcholine,0.92,,PLP177,Direct,None,45,4,0,0,720575940610167502
720575940620745069,720575940620745069,LVIN,central,NA - LVIN,Left,glutamate,0.69,,"PLP185, PLP186",Direct,None,8,1,0,0,720575940628951166
720575940624603901,720575940611914850,LVIN,central,NA - LVIN,Right,acetylcholine,0.97,,PLP231,Direct,None,109,10,0,0,720575940623943404
720575940637736006,720575940637736006,LVIN,central,NA - LVIN,Left,acetylcholine,0.93,,PLP251,Direct,None,250,10,0,0,720575940638764403
720575940632070370,720575940632070370,LVIN,central,NA - LVIN,Left,acetylcholine,0.9,,PVLP.SCL.2,Direct,None,35,2,0,0,720575940616461173
720575940619421319,720575940619421319,LVIN,central,NA - LVIN,Left,acetylcholine,0.87,,PVLP.SLP.13,Direct,None,6,1,0,0,720575940641422221
720575940638124376,720575940638124376,LVIN,central,NA - LVIN,Left,glutamate,0.86,,SCL.56,Direct,None,10,1,0,0,0
720575940610389602,720575940610389602,LVIN,central,NA - LVIN,Left,acetylcholine,0.9,,"SLP223, SLP224",Direct,None,9,1,0,0,0
720575940624611405,720575940624611405,VPN,visual_projection,Lo,Left,acetylcholine,0.93,80,SLP357,Both,None,154,9,0,0,720575940608779100
720575940620233966,720575940620233966,VPN,visual_projection,Lo,Left,acetylcholine,0.96,80,SLP357,Direct,None,7,1,0,0,720575940624861642
720575940614530866,720575940631340332,VPN,visual_projection,Lo,Left,acetylcholine,0.93,150,SLP449,Both,None,77,2,0,0,720575940622984957
720575940616070283,720575940616070283,LVIN,central,NA - LVIN,Left,acetylcholine,0.68,,"SMP459, SMP460",Direct,None,27,2,0,0,720575940632802785
720575940642024437,720575940621806574,VPN,visual_projection,Lo,Left,acetylcholine,0.87,138,VES044,Both,None,7,1,0,0,720575940628653255
720575940636036532,720575940636036532,VPN,visual_projection,Lo,Left,acetylcholine,0.94,138,VES044,Both,None,5,1,0,0,720575940625458064
720575940634619060,720575940634619060,VPN,visual_projection,Me,Right,acetylcholine,0.91,1,PLP.108,Indirect,None,0,0,0,0,0
720575940618261405,720575940632171535,VPN,visual_projection,aMe,Right,acetylcholine,0.79,16,aMe5,None,Direct,0,0,6,1,0
720575940636743134,720575940617910667,VPN,visual_projection,aMe,Right,acetylcholine,0.72,16,aMe5,None,Direct,0,0,5,1,0
720575940622227213,720575940622227213,VPN,visual_projection,aMe,Right,acetylcholine,0.95,81,aMe20,None,Both,0,0,205,10,720575940615149836
720575940635554239,720575940635554239,VPN,visual_projection,Me,Left,glutamate,0.53,12,ME.15969,Indirect,None,0,0,0,0,0
720575940611396266,720575940611396266,VPN,visual_projection,Me,Left,acetylcholine,0.79,13,ME.PLP.177,Indirect,None,0,0,0,0,0
720575940613077969,720575940623184041,VPN,visual_projection,Me,Left,glutamate,0.67,14,ME.24260,Indirect,None,0,0,0,0,0
720575940629402667,720575940633750611,VPN,visual_projection,Me,Left,glutamate,0.68,14,ME.4958,Indirect,None,0,0,0,0,0
720575940605184958,720575940605184958,VPN,visual_projection,aMe,Left,acetylcholine,0.86,16,aMe5,Indirect,None,0,0,0,0,0
720575940606077472,720575940640541347,VPN,visual_projection,aMe,Left,acetylcholine,0.76,16,aMe5,Indirect,None,0,0,0,0,0
720575940608779100,720575940626949834,VPN,visual_projection,Lo,Right,acetylcholine,0.93,80,SLP357,None,Both,0,0,56,4,720575940624611405
720575940632877004,720575940647804212,VPN,visual_projection,aMe,Left,acetylcholine,0.82,16,aMe5,Indirect,None,0,0,0,0,0
720575940621673852,720575940621673852,VPN,visual_projection,Lo,Right,acetylcholine,0.93,90,PLP091,None,Both,0,0,122,11,720575940618007508
720575940644186016,720575940637460069,VPN,visual_projection,aMe,Left,acetylcholine,0.81,16,aMe5,Indirect,None,0,0,0,0,0
720575940626513410,720575940631023159,VPN,visual_projection,Lo,Right,acetylcholine,0.91,147,hb1222778569,None,Both,0,0,26,1,720575940635180384
720575940641285005,720575940641285005,VPN,visual_projection,Lo,Right,acetylcholine,0.92,148,hb697882667,None,Both,0,0,410,33,720575940605029664
720575940627202691,720575940627285860,VPN,visual_projection,Me,Left,glutamate,0.51,19,CB0243,Indirect,Indirect,0,0,0,0,0
720575940632845476,720575940632845476,VPN,visual_projection,Me,Left,acetylcholine,0.81,20,MC65,Indirect,None,0,0,0,0,0
720575940612524261,720575940631370460,VPN,visual_projection,Me,Left,acetylcholine,0.78,20,MC65,Indirect,None,0,0,0,0,0
720575940627257725,720575940626263373,VPN,visual_projection,Me,Left,acetylcholine,0.82,20,MC65,Indirect,None,0,0,0,0,0
720575940626629732,720575940625314633,VPN,visual_projection,Me,Left,acetylcholine,0.86,21,ME.16664,Indirect,None,0,0,0,0,0
720575940624996298,720575940624996298,VPN,visual_projection,Me,Left,glutamate,0.47,21,ME.PLP.162,Indirect,None,0,0,0,0,0
720575940616740130,720575940633169479,VPN,visual_projection,Me,Left,glutamate,0.53,21,PLP.516,Indirect,None,0,0,0,0,0
720575940614497734,720575940635699863,VPN,visual_projection,Me,Left,acetylcholine,0.9,22,ME.PLP.190,Indirect,Indirect,0,0,0,0,0
720575940638247357,720575940638247357,VPN,visual_projection,Me,Left,acetylcholine,0.89,22,ME.PLP.209,Indirect,None,0,0,0,0,0
720575940613267990,720575940634931225,VPN,visual_projection,Me,Left,acetylcholine,0.87,23,ME.PLP.202,Indirect,None,0,0,0,0,0
720575940625291668,720575940624910855,VPN,visual_projection,Me,Left,acetylcholine,0.84,26,ML1,Indirect,None,0,0,0,0,0
720575940625558349,720575940614450157,VPN,visual_projection,Me,Left,acetylcholine,0.77,26,ML1,Indirect,None,0,0,0,0,0
720575940625630478,720575940621784923,VPN,visual_projection,Me,Left,acetylcholine,0.86,26,ML1,Indirect,None,0,0,0,0,0
720575940627672445,720575940626567216,VPN,visual_projection,Me,Left,acetylcholine,0.79,26,ML1,Indirect,None,0,0,0,0,0
720575940619962417,720575940619962417,VPN,visual_projection,Me,Right,glutamate,0.55,28,CB0383,Indirect,None,0,0,0,0,0
720575940612495331,720575940612495331,VPN,visual_projection,aMe,Right,acetylcholine,0.95,29,aMe26_R,Indirect,Indirect,0,0,0,0,0
720575940631807827,720575940631807827,VPN,visual_projection,Lo,Left,acetylcholine,0.96,35,hb575063620,Indirect,None,0,0,0,0,0
720575940627704189,720575940627704189,VPN,visual_projection,Lo,Left,acetylcholine,0.93,45,LO.PLP.89,Indirect,Indirect,0,0,0,0,0
720575940634171759,720575940634171759,VPN,visual_projection,Lo,Left,acetylcholine,0.84,46,LC36,Indirect,None,0,0,0,0,0
720575940624949379,720575940624949379,VPN,visual_projection,Lo,Left,acetylcholine,0.93,48,LC41,Indirect,None,0,0,0,0,0
720575940623004563,720575940630799810,VPN,visual_projection,Lo,Left,glutamate,0.75,49,PLP183,Indirect,Indirect,0,0,0,0,0
720575940617333249,720575940617333249,VPN,visual_projection,Lo,Left,acetylcholine,0.89,50,PLP153,Indirect,None,0,0,0,0,0
720575940620308416,720575940620308416,VPN,visual_projection,Lo,Left,acetylcholine,0.9,51,PLP125,Indirect,None,0,0,0,0,0
720575940633506667,720575940633506667,VPN,visual_projection,Lo,Left,acetylcholine,0.91,51,PLP125,Indirect,None,0,0,0,0,0
720575940610767066,720575940610767066,VPN,visual_projection,Lo,Left,acetylcholine,0.88,52,"LC40a, LC40b",Indirect,None,0,0,0,0,0
720575940645834036,720575940645834036,VPN,visual_projection,Lo,Left,acetylcholine,0.91,52,"LC40a, LC40b",Indirect,None,0,0,0,0,0
720575940616588217,720575940622862324,VPN,visual_projection,Lo,Left,acetylcholine,0.85,52,"LC40a, LC40b",Indirect,None,0,0,0,0,0
720575940605582508,720575940605582508,VPN,visual_projection,Lo,Left,acetylcholine,0.83,52,"LC40a, LC40b",Indirect,None,0,0,0,0,0
720575940623401513,720575940623401513,VPN,visual_projection,Lo,Left,acetylcholine,0.83,52,"LC40a, LC40b",Indirect,None,0,0,0,0,0
720575940614722611,720575940614722611,VPN,visual_projection,Lo,Left,acetylcholine,0.91,52,"LC40a, LC40b",Indirect,None,0,0,0,0,0
720575940624718153,720575940624718153,VPN,visual_projection,Lo,Left,acetylcholine,0.91,52,"LC40a, LC40b",Indirect,None,0,0,0,0,0
720575940630709499,720575940630709499,VPN,visual_projection,Lo,Left,acetylcholine,0.91,52,"LC40a, LC40b",Indirect,None,0,0,0,0,0
720575940623574798,720575940623574798,VPN,visual_projection,Lo,Left,acetylcholine,0.9,52,"LC40a, LC40b",Indirect,None,0,0,0,0,0
720575940636163440,720575940636163440,VPN,visual_projection,Lo,Left,acetylcholine,0.9,52,"LC40a, LC40b",Indirect,None,0,0,0,0,0
720575940636282431,720575940636282431,VPN,visual_projection,Lo,Left,acetylcholine,0.9,52,"LC40a, LC40b",Indirect,None,0,0,0,0,0
720575940633428415,720575940633428415,VPN,visual_projection,Lo,Left,acetylcholine,0.92,52,"LC40a, LC40b",Indirect,None,0,0,0,0,0
720575940611317618,720575940611317618,VPN,visual_projection,Lo,Left,acetylcholine,0.89,52,"LC40a, LC40b",Indirect,None,0,0,0,0,0
720575940630342135,720575940630342135,VPN,visual_projection,Lo,Left,acetylcholine,0.89,52,"LC40a, LC40b",Indirect,Indirect,0,0,0,0,0
720575940631785261,720575940631785261,VPN,visual_projection,Lo,Left,acetylcholine,0.86,52,"LC40a, LC40b",Indirect,Indirect,0,0,0,0,0
720575940618833112,720575940618382292,VPN,visual_projection,LoP,Left,acetylcholine,0.73,54,PLP207,Indirect,None,0,0,0,0,0
720575940624274439,720575940617208251,VPN,visual_projection,LoP,Left,acetylcholine,0.79,54,PLP207,Indirect,None,0,0,0,0,0
720575940629784219,720575940629784219,VPN,visual_projection,LoP,Left,acetylcholine,0.74,54,PLP207,Indirect,None,0,0,0,0,0
720575940628192359,720575940628192359,VPN,visual_projection,Lo,Left,acetylcholine,0.81,55,LT85,Indirect,None,0,0,0,0,0
720575940632894239,720575940624724202,VPN,visual_projection,Lo,Left,glutamate,0.76,56,LO.PLP.489,Indirect,None,0,0,0,0,0
720575940623949192,720575940631763909,VPN,visual_projection,aMe,Left,Unknown,NA,58,aMe3,Indirect,Indirect,0,0,0,0,0
720575940629259831,720575940629259831,VPN,visual_projection,Lo,Right,acetylcholine,0.9,149,LO.463,None,Both,0,0,21,2,720575940607578460
720575940607516508,720575940629434118,VPN,visual_projection,Me,Left,glutamate,0.47,61,ME.PLP.15,Indirect,None,0,0,0,0,0
720575940639910515,720575940639910515,VPN,visual_projection,Lo,Right,acetylcholine,0.93,149,LO.PLP.106,None,Direct,0,0,15,1,0
720575940620929926,720575940616311007,VPN,visual_projection,Me,Left,acetylcholine,0.9,63,ME.4862,Indirect,None,0,0,0,0,0
720575940614385554,720575940619689280,VPN,visual_projection,Me,Left,gaba,0.87,65,ME.PLP.100,Indirect,None,0,0,0,0,0
720575940612993191,720575940612993191,VPN,visual_projection,Me,Left,gaba,0.86,65,ME.PLP.124,Indirect,None,0,0,0,0,0
720575940643690184,720575940630607354,VPN,visual_projection,Me,Left,acetylcholine,0.9,66,ME.PLP.30,Indirect,None,0,0,0,0,0
720575940605465888,720575940605465888,VPN,visual_projection,Me,Left,acetylcholine,0.93,69,hb759632919,Indirect,None,0,0,0,0,0
720575940626874442,720575940626874442,VPN,visual_projection,Lo,Left,acetylcholine,0.92,71,LO.PLP.353,Indirect,None,0,0,0,0,0
720575940625610270,720575940625610270,VPN,visual_projection,Lo,Left,acetylcholine,0.91,71,LO.SCL.8,Indirect,None,0,0,0,0,0
720575940606259134,720575940640884899,VPN,visual_projection,aMe,Right,glutamate,0.6,74,aMe19a,Indirect,None,0,0,0,0,0
720575940623809229,720575940620826571,VPN,visual_projection,Lo,Right,acetylcholine,0.94,149,LO.PLP.64,None,Both,0,0,37,3,720575940619021221
720575940615691348,720575940615691348,VPN,visual_projection,Lo,Right,acetylcholine,0.92,149,LO.SLP.10,None,Direct,0,0,133,6,720575940630585704
720575940622984701,720575940622984701,VPN,visual_projection,Lo,Right,acetylcholine,0.92,149,LO.SLP.11,None,Direct,0,0,73,3,720575940622891242
720575940618856768,720575940606584352,VPN,visual_projection,Lo,Right,acetylcholine,0.96,150,LO.PLP.128,None,Both,0,0,118,5,720575940620455408
720575940622984957,720575940622984957,VPN,visual_projection,Lo,Right,acetylcholine,0.91,150,SLP449,None,Both,0,0,91,4,720575940614530866
720575940635102320,720575940635102320,VPN,visual_projection,Lo,Left,acetylcholine,0.81,91,IB019,Indirect,Indirect,0,0,0,0,0
720575940623583752,720575940633675603,VPN,visual_projection,Lo,Left,acetylcholine,0.89,92,CB0146,Indirect,None,0,0,0,0,0
720575940608842435,720575940639874493,VPN,visual_projection,Lo,Left,acetylcholine,0.88,96,PLP153,Indirect,None,0,0,0,0,0
720575940620470219,720575940625380425,VPN,visual_projection,Lo,Left,acetylcholine,0.92,97,PLP153,Indirect,None,0,0,0,0,0
720575940627665513,720575940633560095,VPN,visual_projection,Lo,Left,acetylcholine,0.86,99,LT57,Indirect,None,0,0,0,0,0
720575940621316443,720575940621316443,VPN,visual_projection,Lo,Left,acetylcholine,0.88,99,LT57,Indirect,None,0,0,0,0,0
720575940638558115,720575940638558115,VPN,visual_projection,Lo,Left,acetylcholine,0.91,100,LO.PLP.107,Indirect,None,0,0,0,0,
720575940620795784,720575940620795784,VPN,visual_projection,Lo,Left,acetylcholine,0.82,101,LT59,Indirect,None,0,0,0,0,0
720575940624547335,720575940615028143,VPN,visual_projection,Lo,Right,acetylcholine,0.89,151,LT79,None,Both,0,0,12,1,720575940613783277
720575940619460688,720575940619460688,VPN,visual_projection,Me,Left,acetylcholine,0.93,104,ME.PLP.254,Indirect,None,0,0,0,0,0
720575940638193242,720575940638193242,VPN,visual_projection,Me,Left,glutamate,0.47,106,ME.20609,Indirect,None,0,0,0,0,0
720575940644342807,720575940610490819,VPN,visual_projection,Me,Left,glutamate,0.59,107,ME.5735,Indirect,None,0,0,0,0,0
720575940644682952,720575940644682952,VPN,visual_projection,Me,Left,acetylcholine,0.84,108,CB0002,Indirect,None,0,0,0,0,0
720575940625508610,720575940625508610,VPN,visual_projection,Me,Left,acetylcholine,0.93,110,CB0236,Indirect,None,0,0,0,0,0
720575940625527228,720575940625527228,VPN,visual_projection,Me,Left,acetylcholine,0.9,112,ME.19489,Indirect,None,0,0,0,0,0
720575940626625874,720575940626625874,VPN,visual_projection,Me,Left,acetylcholine,0.9,112,ME.22243,Indirect,None,0,0,0,0,0
720575940622141424,720575940622141424,VPN,visual_projection,Me,Left,acetylcholine,0.85,112,ME.PLP.133,Indirect,None,0,0,0,0,0
720575940622724521,720575940622724521,VPN,visual_projection,Me,Left,glutamate,0.67,113,CB0447,Indirect,None,0,0,0,0,0
720575940616260146,720575940616260146,VPN,visual_projection,LoP,Left,acetylcholine,0.86,116,WED068,Indirect,None,0,0,0,0,0
720575940629577475,720575940629577475,VPN,visual_projection,LoP,Left,acetylcholine,0.88,116,WED068,Indirect,None,0,0,0,0,0
720575940634166242,720575940634166242,VPN,visual_projection,LoP,Left,acetylcholine,0.89,116,WED068,Indirect,None,0,0,0,0,0
720575940609141257,720575940609141257,VPN,visual_projection,Lo,Left,acetylcholine,0.89,117,CB0205,Indirect,None,0,0,0,0,0
720575940608287701,720575940608287701,VPN,visual_projection,LoP,Left,glutamate,0.59,119,CB0425,Indirect,None,0,0,0,0,0
720575940609125641,720575940609125641,VPN,visual_projection,Ocellar,Right,acetylcholine,0.98,123,OCG04,Indirect,Indirect,0,0,0,0,0
720575940622649633,720575940622649633,VPN,visual_projection,Ocellar,Right,acetylcholine,0.97,123,OCG04,Indirect,Indirect,0,0,0,0,0
720575940632401745,720575940632401745,VPN,visual_projection,Lo,Left,acetylcholine,0.88,126,LO.AOTU.3,Indirect,None,0,0,0,0,0
720575940627715721,720575940627715721,VPN,visual_projection,Lo,Left,glutamate,0.53,127,LO.PLP.90,Indirect,None,0,0,0,0,0
720575940626019197,720575940626019197,VPN,visual_projection,Lo,Left,glutamate,0.63,127,LO.PVLP.610,Indirect,None,0,0,0,0,0
720575940618860081,720575940618860081,VPN,visual_projection,Lo,Left,acetylcholine,0.83,128,LC24,Indirect,None,0,0,0,0,0
720575940626257930,720575940626257930,VPN,visual_projection,Lo,Left,acetylcholine,0.77,128,LC24,Indirect,None,0,0,0,0,0
720575940632802841,720575940632802841,VPN,visual_projection,Lo,Left,acetylcholine,0.74,128,LC24,Indirect,None,0,0,0,0,0
720575940625571256,720575940625571256,VPN,visual_projection,Lo,Left,acetylcholine,0.84,128,LC24,Indirect,None,0,0,0,0,0
720575940611623397,720575940611623397,VPN,visual_projection,Lo,Left,acetylcholine,0.83,128,LC24,Indirect,None,0,0,0,0,0
720575940630204098,720575940630204098,VPN,visual_projection,Lo,Left,acetylcholine,0.72,129,LC15,Indirect,None,0,0,0,0,0
720575940619685803,720575940619685803,VPN,visual_projection,Lo,Left,acetylcholine,0.71,129,LC15,Indirect,None,0,0,0,0,0
720575940622511507,720575940622511507,VPN,visual_projection,Lo,Left,acetylcholine,0.71,129,LC15,Indirect,None,0,0,0,0,0
720575940638126755,720575940638126755,VPN,visual_projection,Lo,Left,acetylcholine,0.69,129,LC15,Indirect,None,0,0,0,0,0
720575940610026947,720575940610026947,VPN,visual_projection,Lo,Left,acetylcholine,0.74,129,LC15,Indirect,None,0,0,0,0,0
720575940622723878,720575940622723878,VPN,visual_projection,Lo,Left,acetylcholine,0.72,129,LC15,Indirect,None,0,0,0,0,0
720575940605007550,720575940605007550,VPN,visual_projection,Lo,Left,acetylcholine,0.71,129,LC15,Indirect,None,0,0,0,0,0
720575940609548920,720575940609548920,VPN,visual_projection,Lo,Left,acetylcholine,0.64,129,LC15,Indirect,None,0,0,0,0,0
720575940655593121,720575940655593121,VPN,visual_projection,Lo,Left,acetylcholine,0.63,130,LO.PVLP.116,Indirect,None,0,0,0,0,0
720575940611530213,720575940611530213,VPN,visual_projection,Lo,Left,glutamate,0.61,131,LO.PLP.50,Indirect,None,0,0,0,0,0
720575940613783277,720575940613783277,VPN,visual_projection,Lo,Left,acetylcholine,0.86,133,LT87,Indirect,Indirect,0,0,0,0,0
720575940618601473,720575940625663468,VPN,visual_projection,Lo,Left,glutamate,0.82,135,"LC37a, LC37b",Indirect,None,0,0,0,0,0
720575940621065712,720575940621065712,VPN,visual_projection,Lo,Left,glutamate,0.8,135,"LC37a, LC37b",Indirect,Indirect,0,0,0,0,0
720575940624919079,720575940624919079,VPN,visual_projection,Lo,Left,glutamate,0.77,135,"LC37a, LC37b",Indirect,Indirect,0,0,0,0,0
720575940627412123,720575940627412123,VPN,visual_projection,Lo,Left,glutamate,0.68,135,"LC37a, LC37b",Indirect,Indirect,0,0,0,0,0
720575940615612822,720575940615612822,VPN,visual_projection,Lo,Left,glutamate,0.66,135,"LC37a, LC37b",Indirect,Indirect,0,0,0,0,0
720575940626701886,720575940626701886,VPN,visual_projection,Lo,Left,acetylcholine,0.88,136,LO.PLP.293,Indirect,None,0,0,0,0,0
720575940643862820,720575940643862820,VPN,visual_projection,Lo,Left,acetylcholine,0.9,136,PLP153,Indirect,None,0,0,0,0,0
720575940631672632,720575940631672632,VPN,visual_projection,Lo,Left,glutamate,0.52,137,CL284,Indirect,None,0,0,0,0,0
720575940603886880,720575940603886880,VPN,visual_projection,Lo,Left,acetylcholine,0.94,140,LO.PLP.129,Indirect,None,0,0,0,0,0
720575940630434858,720575940630434858,VPN,visual_projection,Lo,Left,acetylcholine,0.93,140,LO.PLP.157,Indirect,None,0,0,0,0,0
720575940619068843,720575940619068843,VPN,visual_projection,Lo,Left,acetylcholine,0.93,140,LO.PLP.99,Indirect,None,0,0,0,0,0
720575940632659271,720575940617631574,VPN,visual_projection,Lo,Left,acetylcholine,0.93,142,LT72,Indirect,None,0,0,0,0,0
720575940620654975,720575940611532408,VPN,visual_projection,Lo,Right,acetylcholine,0.93,191,CB0274,None,Both,0,0,199,9,720575940635489387
720575940632393320,720575940631098172,VPN,visual_projection,Lo,Right,acetylcholine,0.94,192,LT67,None,Both,0,0,48,2,720575940635169888
720575940616620571,720575940635359127,VPN,visual_projection,Lo,Right,acetylcholine,0.9,193,LT75,None,Both,0,0,25,1,720575940617883003
720575940622596393,720575940635974335,VPN,visual_projection,Me,Right,acetylcholine,0.94,2,CB0304,None,Both,0,0,165,14,720575940642484109
720575940626497286,720575940626497286,VPN,visual_projection,Me,Right,acetylcholine,0.92,9,CB0081,None,Both,0,0,82,3,720575940613126117
720575940614544680,720575940614544680,VPN,visual_projection,Me,Left,acetylcholine,0.94,10,ME.919,Indirect,Both,0,0,8,1,720575940641791989
720575940605862345,720575940624363144,VPN,visual_projection,Me,Right,acetylcholine,0.96,18,CB0111,None,Both,0,0,498,29,720575940625315260
720575940621904560,720575940621570496,VPN,visual_projection,Me,Right,glutamate,0.47,19,CB0243,Indirect,Both,0,0,10,2,720575940627202691
720575940625055758,720575940615212851,VPN,visual_projection,Me,Right,acetylcholine,0.9,60,CB0165,None,Both,0,0,16,2,720575940631147382
720575940621010085,720575940611405102,VPN,visual_projection,Me,Left,acetylcholine,0.92,62,ME.PLP.33,None,Direct,0,0,5,1,0
720575940617584273,720575940642592475,VPN,visual_projection,Me,Right,acetylcholine,0.94,75,ME.687,Indirect,Both,0,0,28,3,720575940621025262
720575940641791989,720575940641791989,VPN,visual_projection,Me,Right,acetylcholine,0.96,75,ME.703,Indirect,Both,0,0,29,3,720575940614544680
720575940629002246,720575940639948733,VPN,visual_projection,Me,Right,acetylcholine,0.89,103,CB0167,None,Both,0,0,100,6,720575940627710992
720575940607900290,720575940634935065,VPN,visual_projection,aMe,Left,Unknown,NA,153,aMe25,Indirect,None,0,0,0,0,0
720575940625395699,720575940618774301,VPN,visual_projection,Lo,Left,Unknown,NA,156,hb1159944202,Indirect,Indirect,0,0,0,0,0
720575940615799263,720575940637667726,VPN,visual_projection,Lo,Left,acetylcholine,0.93,157,hb574058475,Indirect,None,0,0,0,0,0
720575940628808448,720575940625790904,VPN,visual_projection,Lo,Left,acetylcholine,0.89,158,LO.1458,Indirect,None,0,0,0,0,0
720575940620464331,720575940620464331,VPN,visual_projection,Lo,Left,acetylcholine,0.88,159,LO.1694,Indirect,None,0,0,0,0,0
720575940617386309,720575940617386309,VPN,visual_projection,Lo,Left,glutamate,0.72,160,LO.ICL.26,Indirect,None,0,0,0,0,0
720575940629376528,720575940629376528,VPN,visual_projection,Lo,Right,gaba,0.91,161,LT43,Indirect,Indirect,0,0,0,0,0
720575940630879548,720575940630879548,VPN,visual_projection,Lo,Right,gaba,0.91,161,LT43,Indirect,Indirect,0,0,0,0,0
720575940607947954,720575940645104840,VPN,visual_projection,Lo,Left,gaba,0.9,161,LT43,Indirect,None,0,0,0,0,0
720575940610053827,720575940610053827,VPN,visual_projection,Lo,Left,gaba,0.88,161,LT43,Indirect,None,0,0,0,0,0
720575940616298470,720575940616298470,VPN,visual_projection,Me,Left,acetylcholine,0.9,162,"MC61, MC64",Indirect,None,0,0,0,0,0
720575940610507618,720575940610507618,VPN,visual_projection,Me,Left,acetylcholine,0.9,162,"MC61, MC64",Indirect,None,0,0,0,0,0
720575940614139559,720575940638892351,VPN,visual_projection,Me,Right,acetylcholine,0.92,143,CB0156,None,Both,0,0,481,24,720575940623406605
720575940621591792,720575940621591792,VPN,visual_projection,Me,Left,acetylcholine,0.9,163,MC62,Indirect,None,0,0,0,0,0
720575940611429233,720575940611429233,VPN,visual_projection,Me,Left,acetylcholine,0.92,163,MC62,Indirect,None,0,0,0,0,0
720575940615121570,720575940615121570,VPN,visual_projection,Me,Left,acetylcholine,0.92,163,MC62,Indirect,None,0,0,0,0,0
720575940627851657,720575940627851657,VPN,visual_projection,Me,Left,acetylcholine,0.94,163,MC62,Indirect,None,0,0,0,0,0
720575940611794894,720575940611794894,VPN,visual_projection,Me,Left,acetylcholine,0.92,163,MC62,Indirect,None,0,0,0,0,0
720575940635962223,720575940645743908,VPN,visual_projection,Me,Left,acetylcholine,0.89,163,MC62,Indirect,None,0,0,0,0,0
720575940614259679,720575940614259679,VPN,visual_projection,Me,Left,acetylcholine,0.83,163,MC62,Indirect,None,0,0,0,0,0
720575940614853318,720575940632921144,VPN,visual_projection,Me,Left,acetylcholine,0.89,163,MC62,Indirect,None,0,0,0,0,0
720575940620024641,720575940620024641,VPN,visual_projection,Me,Left,acetylcholine,0.92,163,MC62,Indirect,None,0,0,0,0,0
720575940620884062,720575940645721636,VPN,visual_projection,Me,Left,acetylcholine,0.89,163,MC62,Indirect,None,0,0,0,0,0
720575940624279629,720575940624279629,VPN,visual_projection,Me,Left,acetylcholine,0.93,163,MC62,Indirect,None,0,0,0,0,0
720575940625423618,720575940625423618,VPN,visual_projection,Me,Left,acetylcholine,0.87,163,MC62,Indirect,None,0,0,0,0,0
720575940625684569,720575940625684569,VPN,visual_projection,Me,Left,acetylcholine,0.93,163,MC62,Indirect,None,0,0,0,0,0
720575940626163837,720575940626163837,VPN,visual_projection,Me,Left,acetylcholine,0.91,163,MC62,Indirect,None,0,0,0,0,0
720575940626710547,720575940626710547,VPN,visual_projection,Me,Left,acetylcholine,0.91,163,MC62,Indirect,None,0,0,0,0,0
720575940628030567,720575940628030567,VPN,visual_projection,Me,Left,acetylcholine,0.51,163,MC62,Indirect,None,0,0,0,0,0
720575940632940627,720575940632940627,VPN,visual_projection,Me,Left,acetylcholine,0.91,163,MC62,Indirect,None,0,0,0,0,0
720575940628729722,720575940628729722,VPN,visual_projection,Me,Left,acetylcholine,0.93,163,MC62,Indirect,None,0,0,0,0,0
720575940618824021,720575940618824021,VPN,visual_projection,Me,Left,acetylcholine,0.93,163,MC62,Indirect,None,0,0,0,0,0
720575940627911579,720575940627911579,VPN,visual_projection,Me,Left,acetylcholine,0.9,163,MC62,Indirect,None,0,0,0,0,0
720575940638091342,720575940629730064,VPN,visual_projection,Me,Left,acetylcholine,0.91,163,MC62,Indirect,None,0,0,0,0,0
720575940616072081,720575940616072081,VPN,visual_projection,Me,Left,acetylcholine,0.92,163,MC62,Indirect,None,0,0,0,0,0
720575940619378624,720575940635679127,VPN,visual_projection,Me,Left,acetylcholine,0.9,163,MC62,Indirect,None,0,0,0,0,0
720575940626760872,720575940626760872,VPN,visual_projection,Me,Left,acetylcholine,0.92,163,MC62,Indirect,None,0,0,0,0,0
720575940626779304,720575940626779304,VPN,visual_projection,Me,Left,acetylcholine,0.92,163,MC62,Indirect,None,0,0,0,0,0
720575940631307339,720575940631307339,VPN,visual_projection,Me,Left,acetylcholine,0.92,163,MC62,Indirect,None,0,0,0,0,0
720575940622785207,720575940622785207,VPN,visual_projection,Me,Left,acetylcholine,0.93,163,MC62,Indirect,None,0,0,0,0,0
720575940624783760,720575940624783760,VPN,visual_projection,Me,Left,acetylcholine,0.9,163,MC62,Indirect,None,0,0,0,0,0
720575940616121915,720575940615041711,VPN,visual_projection,Me,Left,acetylcholine,0.76,164,MC62,Indirect,None,0,0,0,0,0
720575940634033378,720575940642395381,VPN,visual_projection,Me,Left,acetylcholine,0.92,168,PLP.483,Indirect,None,0,0,0,0,0
720575940632438227,720575940624054015,VPN,visual_projection,Me,Left,acetylcholine,0.91,169,PLP.547,Indirect,None,0,0,0,0,0
720575940624473904,720575940624473904,VPN,visual_projection,Lo,Left,acetylcholine,0.88,170,PLP153,Indirect,None,0,0,0,0,0
720575940628139113,720575940628139113,VPN,visual_projection,Lo,Left,acetylcholine,0.95,171,PLP153,Indirect,None,0,0,0,0,0
720575940628275272,720575940615693474,VPN,visual_projection,Me,Left,acetylcholine,0.82,172,ME.18208,Indirect,None,0,0,0,0,0
720575940617202461,720575940619997854,VPN,visual_projection,Me,Left,acetylcholine,0.9,172,ME.LO.12512,Indirect,None,0,0,0,0,0
720575940648127620,720575940619303237,VPN,visual_projection,Me,Left,acetylcholine,0.82,173,ME.23502,Indirect,None,0,0,0,0,0
720575940632640737,720575940632640737,VPN,visual_projection,Me,Left,acetylcholine,0.9,174,ME.PLP.228,Indirect,None,0,0,0,0,0
720575940621542792,720575940618660765,VPN,visual_projection,Lo,Left,acetylcholine,0.9,177,PLP147,Indirect,None,0,0,0,0,0
720575940637503662,720575940615649942,VPN,visual_projection,Me,Left,acetylcholine,0.93,180,ME.PLP.55,Indirect,None,0,0,0,0,0
720575940622337674,720575940619296325,VPN,visual_projection,Me,Right,acetylcholine,0.89,146,ME.PLP.38,None,Both,0,0,14,2,720575940639522357
720575940614589599,720575940632891788,VPN,visual_projection,Me,Right,acetylcholine,0.89,146,ME.PLP.50,None,Direct,0,0,11,2,720575940619017387
720575940627767568,720575940627767568,VPN,visual_projection,Me,Right,acetylcholine,0.73,163,MC62,None,Direct,0,0,10,1,0
720575940612079822,720575940625868519,VPN,visual_projection,Me,Left,glutamate,0.5,184,ME.18540,Indirect,None,0,0,0,0,0
720575940630396282,720575940620720088,VPN,visual_projection,Me,Right,acetylcholine,0.91,181,ME.775,None,Both,0,0,95,7,720575940611955057
720575940619373421,720575940628743441,VPN,visual_projection,Me,Left,acetylcholine,0.85,187,ME.SCL.4,Indirect,None,0,0,0,0,0
720575940625063356,720575940625063356,VPN,visual_projection,Me,Left,glutamate,0.54,188,CB0123,Indirect,None,0,0,0,0,0
720575940645794595,720575940624089992,VPN,visual_projection,Me,Right,acetylcholine,0.94,182,ME.PLP.24,None,Both,0,0,50,3,720575940628884183
720575940629058560,720575940631158487,VPN,visual_projection,Lo,Left,acetylcholine,0.91,189,VES080,Indirect,Indirect,0,0,0,0,0
720575940643873440,720575940612925146,VPN,visual_projection,Me,Right,acetylcholine,0.9,184,CB0389,None,Both,0,0,372,25,720575940630737516
720575940621207211,720575940614754797,VPN,visual_projection,Me,Right,acetylcholine,0.87,184,ME.PLP.52,None,Both,0,0,23,3,720575940640438643
720575940618034662,720575940614465517,VPN,visual_projection,Me,Right,acetylcholine,0.91,188,CB0171,None,Both,0,0,98,4,720575940628838474
720575940614047890,720575940614047890,VPN,visual_projection,Lo,Right,acetylcholine,0.9,198,"PLP011, SLP339",Indirect,Indirect,0,0,0,0,0
720575940621374374,720575940621374374,VPN,visual_projection,Lo,Right,acetylcholine,0.9,198,"PLP011, SLP339",Indirect,Indirect,0,0,0,0,0
720575940628694394,720575940628694394,VPN,visual_projection,Lo,Left,acetylcholine,0.9,198,"PLP011, SLP339",Indirect,None,0,0,0,0,0
720575940636772014,720575940636772014,VPN,visual_projection,Lo,Left,acetylcholine,0.93,198,"PLP011, SLP339",Indirect,None,0,0,0,0,0
720575940619677854,720575940619677854,VPN,visual_projection,Lo,Left,Unknown,NA,199,PLP.404,Indirect,Indirect,0,0,0,0,0
720575940634280674,720575940634280674,VPN,visual_projection,Me,Left,glutamate,0.68,200,ME.PLP.118,Indirect,None,0,0,0,0,0
720575940613204650,720575940613204650,VPN,visual_projection,Me,Left,glutamate,0.71,200,ME.PLP.245,Indirect,None,0,0,0,0,0
720575940640527192,720575940624437700,VPN,visual_projection,Me,Left,glutamate,0.7,200,ME.PLP.67,Indirect,None,0,0,0,0,0
720575940622336280,720575940622336280,VPN,visual_projection,Me,Left,acetylcholine,0.77,201,ME.PLP.172,Indirect,Indirect,0,0,0,0,0
720575940627154152,720575940640550563,VPN,visual_projection,Lo,Right,Unknown,NA,202,hb1159944202,Indirect,None,0,0,0,0,0
720575940616663602,720575940616663602,VPN,visual_projection,Lo,Right,acetylcholine,0.88,203,LO.1885,Indirect,None,0,0,0,0,0
720575940620393142,720575940620393142,VPN,visual_projection,Me,Right,acetylcholine,0.9,203,ME.17312,Indirect,Indirect,0,0,0,0,0
720575940619308820,720575940619308820,VPN,visual_projection,Me,Right,acetylcholine,0.95,203,ME.26067,None,Indirect,0,0,0,0,0
720575940627496847,720575940627496847,VPN,visual_projection,Me,Right,acetylcholine,0.82,204,ME.2095,Indirect,None,0,0,0,0,0
720575940631408159,720575940631408159,VPN,visual_projection,Me,Right,acetylcholine,0.89,205,ME.PLP.229,Indirect,Indirect,0,0,0,0,0
720575940634128063,720575940634128063,VPN,visual_projection,aMe,Left,acetylcholine,0.82,,aMe12,None,Indirect,0,0,0,0,0
720575940631199340,720575940653433590,VPN,visual_projection,aMe,Left,glutamate,0.65,,aMe19a,None,Indirect,0,0,0,0,0
720575940611294562,720575940611294562,VPN,visual_projection,aMe,Right,glutamate,0.57,,aMe25,None,Indirect,0,0,0,0,0
720575940625102862,720575940641501648,VPN,visual_projection,aMe,Right,Unknown,NA,,aMe3,None,Indirect,0,0,0,0,0
720575940623979914,720575940623979914,VPN,visual_projection,aMe,Right,acetylcholine,0.9,,aMe5,None,Indirect,0,0,0,0,0
720575940624982456,720575940624982456,VPN,visual_projection,aMe,Right,acetylcholine,0.87,,aMe5,None,Indirect,0,0,0,0,0
720575940615746316,720575940615746316,LVIN,central,NA - LVIN,Right,acetylcholine,0.88,,PLP.68,None,Direct,0,0,259,20,720575940627256586
720575940630914245,720575940630914245,LVIN,central,NA - LVIN,Right,acetylcholine,0.96,,LHPV3c1,None,Direct,0,0,253,12,720575940615438495
720575940609329102,720575940609329102,LVIN,central,NA - LVIN,Right,acetylcholine,0.9,,AVLP043,None,Direct,0,0,212,16,720575940632219361
720575940619676507,720575940619676507,LVIN,central,NA - LVIN,Right,acetylcholine,0.92,,AVLP043,None,Direct,0,0,189,17,720575940618422941
720575940609989218,720575940624236543,VPN,visual_projection,Lo,Right,acetylcholine,0.87,,CB0054,None,Indirect,0,0,0,0,0
720575940631536415,720575940631536415,VPN,visual_projection,Lo,Right,acetylcholine,0.86,,CB0093,None,Indirect,0,0,0,0,0
720575940644035364,720575940632388370,VPN,visual_projection,Me,Right,glutamate,0.53,,CB0123,None,Indirect,0,0,0,0,0
720575940616834489,720575940611297070,VPN,visual_projection,Lo,Right,acetylcholine,0.84,,CB0146,None,Indirect,0,0,0,0,0
720575940627487369,720575940618902100,VPN,visual_projection,Me,Left,glutamate,0.56,,CB0383,None,Indirect,0,0,0,0,0
720575940621153670,720575940613644185,VPN,visual_projection,LoP,Right,glutamate,0.67,,CB0425,None,Indirect,0,0,0,0,0
720575940629517867,720575940630247579,VPN,visual_projection,Lo,Right,acetylcholine,0.87,,CB0513,None,Indirect,0,0,0,0,0
720575940620747691,720575940623619805,VPN,visual_projection,Me,Right,glutamate,0.63,,CB0577,None,Indirect,0,0,0,0,0
720575940628529896,720575940618819668,VPN,visual_projection,Me,Left,glutamate,0.57,,CB0577,None,Indirect,0,0,0,0,0
720575940618810533,720575940618810533,LVIN,central,NA - LVIN,Right,acetylcholine,0.89,,CL258,None,Direct,0,0,117,8,720575940622350550
720575940620309072,720575940621268651,VPN,visual_projection,aMe,Right,glutamate,0.7,,CL125,None,Indirect,0,0,0,0,0
720575940640278387,720575940640278387,VPN,visual_projection,aMe,Right,glutamate,0.81,,CL125,None,Indirect,0,0,0,0,0
720575940631611679,720575940631611679,LVIN,central,NA - LVIN,Right,acetylcholine,0.88,,CL258,None,Direct,0,0,117,8,720575940603976672
720575940616355028,720575940616355028,LVIN,central,NA - LVIN,Right,acetylcholine,0.92,,"PLP120, PLP145",None,Direct,0,0,102,7,720575940630124050
720575940614374034,720575940614374034,LVIN,central,NA - LVIN,Right,gaba,0.85,,CL063,None,Direct,0,0,101,17,720575940624951847
720575940630610488,720575940630610488,LVIN,central,NA - LVIN,Right,acetylcholine,0.9,,"PLP120, PLP145",None,Direct,0,0,97,9,720575940631718930
720575940632042065,720575940632042065,VPN,visual_projection,Lo,Right,glutamate,0.63,,CL284,None,Indirect,0,0,0,0,0
720575940635180384,720575940619918203,VPN,visual_projection,Lo,Left,acetylcholine,0.82,,hb1222778569,None,Indirect,0,0,0,0,0
720575940638764403,720575940638764403,LVIN,central,NA - LVIN,Right,acetylcholine,0.93,,PLP251,None,Direct,0,0,80,3,720575940637736006
720575940630672697,720575940625062325,VPN,visual_projection,Lo,Right,acetylcholine,0.89,,hb543702551,None,Indirect,0,0,0,0,0
720575940615827980,720575940615827980,VPN,visual_projection,Lo,Right,acetylcholine,0.95,,hb575063620,None,Indirect,0,0,0,0,0
720575940607689602,720575940628912636,VPN,visual_projection,Me,Right,acetylcholine,0.92,,hb759632919,None,Indirect,0,0,0,0,0
720575940604030176,720575940604030176,VPN,visual_projection,Lo,Right,acetylcholine,0.79,,IB019,None,Indirect,0,0,0,0,0
720575940611826073,720575940611826073,VPN,visual_projection,Lo,Right,acetylcholine,0.82,,LC15,None,Indirect,0,0,0,0,0
720575940613488815,720575940613488815,VPN,visual_projection,Lo,Right,acetylcholine,0.78,,LC15,None,Indirect,0,0,0,0,0
720575940608601412,720575940608601412,VPN,visual_projection,Lo,Right,acetylcholine,0.85,,LC24,None,Indirect,0,0,0,0,0
720575940611138002,720575940611138002,VPN,visual_projection,Lo,Right,acetylcholine,0.81,,LC24,None,Indirect,0,0,0,0,0
720575940613411954,720575940613411954,VPN,visual_projection,Lo,Right,acetylcholine,0.83,,LC24,None,Indirect,0,0,0,0,0
720575940616739677,720575940616739677,VPN,visual_projection,Lo,Right,acetylcholine,0.86,,LC24,None,Indirect,0,0,0,0,0
720575940617589716,720575940617589716,VPN,visual_projection,Lo,Right,acetylcholine,0.76,,LC24,None,Indirect,0,0,0,0,0
720575940618314786,720575940618314786,VPN,visual_projection,Lo,Right,acetylcholine,0.81,,LC24,None,Indirect,0,0,0,0,0
720575940618737437,720575940631670725,VPN,visual_projection,Lo,Right,acetylcholine,0.76,,LC24,None,Indirect,0,0,0,0,0
720575940619488390,720575940619488390,VPN,visual_projection,Lo,Right,acetylcholine,0.79,,LC24,None,Indirect,0,0,0,0,0
720575940621111465,720575940621111465,VPN,visual_projection,Lo,Right,acetylcholine,0.85,,LC24,None,Indirect,0,0,0,0,0
720575940628147906,720575940628147906,VPN,visual_projection,Lo,Right,acetylcholine,0.83,,LC24,None,Indirect,0,0,0,0,0
720575940630021883,720575940636885871,VPN,visual_projection,Lo,Right,acetylcholine,0.79,,LC24,None,Indirect,0,0,0,0,0
720575940638730303,720575940638730303,VPN,visual_projection,Lo,Right,acetylcholine,0.72,,LC24,None,Indirect,0,0,0,0,0
720575940639850037,720575940639850037,VPN,visual_projection,Lo,Right,acetylcholine,0.75,,LC24,None,Indirect,0,0,0,0,0
720575940640747995,720575940640747995,VPN,visual_projection,Lo,Right,acetylcholine,0.85,,LC24,None,Indirect,0,0,0,0,0
720575940651619318,720575940651619318,VPN,visual_projection,Lo,Left,acetylcholine,0.76,,LC24,None,Indirect,0,0,0,0,0
720575940618110621,720575940618110621,VPN,visual_projection,Lo,Right,acetylcholine,0.64,,LC26,None,Indirect,0,0,0,0,0
720575940621887197,720575940621887197,VPN,visual_projection,Lo,Right,acetylcholine,0.63,,LC26,None,Indirect,0,0,0,0,0
720575940612422037,720575940616394719,VPN,visual_projection,Lo,Right,acetylcholine,0.65,,LC26,None,Indirect,0,0,0,0,0
720575940623038389,720575940623038389,VPN,visual_projection,Lo,Right,acetylcholine,0.77,,LC26,None,Indirect,0,0,0,0,0
720575940623725036,720575940623725036,VPN,visual_projection,Lo,Right,acetylcholine,0.68,,LC26,None,Indirect,0,0,0,0,0
720575940624577031,720575940629795331,VPN,visual_projection,Lo,Right,acetylcholine,0.61,,LC26,None,Indirect,0,0,0,0,0
720575940636189295,720575940636189295,VPN,visual_projection,Lo,Right,acetylcholine,0.76,,LC26,None,Indirect,0,0,0,0,0
720575940622810119,720575940622810119,VPN,visual_projection,Lo,Right,acetylcholine,0.86,,LC36,None,Indirect,0,0,0,0,0
720575940613456242,720575940647463459,VPN,visual_projection,Lo,Right,glutamate,0.68,,"LC37a, LC37b",None,Indirect,0,0,0,0,0
720575940618270498,720575940618270498,VPN,visual_projection,Lo,Right,glutamate,0.82,,"LC37a, LC37b",None,Indirect,0,0,0,0,0
720575940653299617,720575940653299617,VPN,visual_projection,Lo,Right,glutamate,0.85,,"LC37a, LC37b",None,Indirect,0,0,0,0,0
720575940611112818,720575940611112818,VPN,visual_projection,Lo,Right,glutamate,0.66,,"LC37a, LC37b",None,Indirect,0,0,0,0,0
720575940622404376,720575940622404376,VPN,visual_projection,Lo,Left,glutamate,0.75,,"LC37a, LC37b",None,Indirect,0,0,0,0,0
720575940607052418,720575940607052418,VPN,visual_projection,Lo,Right,acetylcholine,0.86,,"LC40a, LC40b",None,Indirect,0,0,0,0,0
720575940613003695,720575940630312954,VPN,visual_projection,Lo,Right,acetylcholine,0.85,,"LC40a, LC40b",None,Indirect,0,0,0,0,0
720575940616927060,720575940640318517,VPN,visual_projection,Lo,Right,acetylcholine,0.85,,"LC40a, LC40b",None,Indirect,0,0,0,0,0
720575940628913920,720575940628913920,VPN,visual_projection,Lo,Right,acetylcholine,0.87,,"LC40a, LC40b",None,Indirect,0,0,0,0,0
720575940613004207,720575940613004207,VPN,visual_projection,Lo,Right,acetylcholine,0.88,,"LC40a, LC40b",None,Indirect,0,0,0,0,0
720575940616688930,720575940616688930,VPN,visual_projection,Lo,Right,acetylcholine,0.84,,"LC40a, LC40b",None,Indirect,0,0,0,0,0
720575940627653882,720575940623325661,VPN,visual_projection,Lo,Right,acetylcholine,0.88,,"LC40a, LC40b",None,Indirect,0,0,0,0,0
720575940627777067,720575940627777067,VPN,visual_projection,Lo,Right,acetylcholine,0.82,,"LC40a, LC40b",None,Indirect,0,0,0,0,0
720575940628584954,720575940628584954,VPN,visual_projection,Lo,Right,acetylcholine,0.91,,"LC40a, LC40b",None,Indirect,0,0,0,0,0
720575940634382492,720575940615290279,VPN,visual_projection,Lo,Right,acetylcholine,0.82,,"LC40a, LC40b",None,Indirect,0,0,0,0,0
720575940636712774,720575940636712774,VPN,visual_projection,Lo,Right,acetylcholine,0.88,,"LC40a, LC40b",None,Indirect,0,0,0,0,0
720575940641948661,720575940641948661,VPN,visual_projection,Lo,Right,acetylcholine,0.94,,"LC40a, LC40b",None,Indirect,0,0,0,0,0
720575940642843848,720575940642843848,VPN,visual_projection,Lo,Right,acetylcholine,0.9,,"LC40a, LC40b",None,Indirect,0,0,0,0,0
720575940641240205,720575940641240205,VPN,visual_projection,Lo,Right,acetylcholine,0.93,,LC41,None,Indirect,0,0,0,0,0
720575940626850247,720575940626850247,VPN,visual_projection,Lo,Right,acetylcholine,0.92,,LC41,None,Indirect,0,0,0,0,0
720575940614687931,720575940614687931,VPN,visual_projection,Lo,Left,acetylcholine,0.91,,LC41,None,Indirect,0,0,0,0,0
720575940626671272,720575940629607696,VPN,visual_projection,Lo,Left,acetylcholine,0.9,,LC41,None,Indirect,0,0,0,0,0
720575940634331036,720575940634331036,VPN,visual_projection,Lo,Right,acetylcholine,0.85,,LC43,None,Indirect,0,0,0,0,0
720575940625025680,720575940625025680,LVIN,central,NA - LVIN,Left,acetylcholine,0.94,,PLP231,None,Direct,0,0,79,9,720575940633171916
720575940623894825,720575940623894825,VPN,visual_projection,Lo,Right,acetylcholine,0.92,,LO.1299,None,Indirect,0,0,0,0,0
720575940621309110,720575940621309110,VPN,visual_projection,Lo,Right,acetylcholine,0.94,,LO.1692,None,Indirect,0,0,0,0,0
720575940629259599,720575940614792744,VPN,visual_projection,Lo,Right,acetylcholine,0.85,,LO.445,None,Indirect,0,0,0,0,0
720575940622856780,720575940622856780,VPN,visual_projection,Lo,Right,acetylcholine,0.91,,LO.811,None,Indirect,0,0,0,0,0
720575940605476994,720575940605476994,VPN,visual_projection,Me,Right,acetylcholine,0.87,,LO.AOTU.376,None,Indirect,0,0,0,0,0
720575940621353793,720575940621353793,VPN,visual_projection,Lo,Right,glutamate,0.76,,LO.ICL.5,None,Indirect,0,0,0,0,0
720575940605969794,720575940623382237,VPN,visual_projection,Lo,Right,acetylcholine,0.87,,LO.PLP.123,None,Indirect,0,0,0,0,0
720575940623569165,720575940616608454,VPN,visual_projection,Lo,Right,acetylcholine,0.87,,LO.PLP.3,None,Indirect,0,0,0,0,0
720575940620851777,720575940620851777,VPN,visual_projection,Lo,Right,acetylcholine,0.88,,LO.PLP.381,None,Indirect,0,0,0,0,0
720575940635602094,720575940631146716,VPN,visual_projection,Lo,Right,acetylcholine,0.89,,LO.PLP.44,None,Indirect,0,0,0,0,0
720575940604584416,720575940604584416,VPN,visual_projection,Lo,Right,acetylcholine,0.94,,LO.PLP.80,None,Indirect,0,0,0,0,0
720575940637329754,720575940637329754,VPN,visual_projection,Lo,Right,acetylcholine,0.89,,LO.PLP.86,None,Indirect,0,0,0,0,0
720575940610983091,720575940610983091,VPN,visual_projection,Lo,Right,glutamate,0.67,,LO.PVLP.248,None,Indirect,0,0,0,0,0
720575940648693369,720575940617672790,VPN,visual_projection,Lo,Right,acetylcholine,0.65,,LO.PVLP.888,None,Indirect,0,0,0,0,0
720575940628119339,720575940628119339,VPN,visual_projection,Lo,Right,glutamate,0.54,,LO.SPS.100,None,Indirect,0,0,0,0,0
720575940605797222,720575940605797222,VPN,visual_projection,Lo,Right,glutamate,0.47,,LO.SPS.97,None,Indirect,0,0,0,0,0
720575940618703636,720575940618703636,VPN,visual_projection,Lo,Right,glutamate,0.58,,LT51,None,Indirect,0,0,0,0,0
720575940617516689,720575940617516689,VPN,visual_projection,Lo,Right,acetylcholine,0.89,,LT57,None,Indirect,0,0,0,0,0
720575940622329420,720575940626339405,VPN,visual_projection,Lo,Right,acetylcholine,0.87,,LT57,None,Indirect,0,0,0,0,0
720575940628286888,720575940613668778,VPN,visual_projection,Lo,Right,acetylcholine,0.89,,LT57,None,Indirect,0,0,0,0,0
720575940627499343,720575940615522706,VPN,visual_projection,Lo,Right,acetylcholine,0.82,,LT59,None,Indirect,0,0,0,0,0
720575940617151861,720575940656154273,VPN,visual_projection,Lo,Right,Unknown,NA,,LT68,None,Indirect,0,0,0,0,0
720575940627511582,720575940627511582,VPN,visual_projection,Lo,Right,glutamate,0.45,,LT68,None,Indirect,0,0,0,0,0
720575940633614253,720575940633614253,VPN,visual_projection,Lo,Right,acetylcholine,0.93,,LT72,None,Indirect,0,0,0,0,0
720575940638602842,720575940638602842,VPN,visual_projection,Lo,Right,glutamate,0.65,,LT74,None,Indirect,0,0,0,0,0
720575940629046377,720575940629046377,VPN,visual_projection,Lo,Right,acetylcholine,0.84,,LT85,None,Indirect,0,0,0,0,0
720575940641422221,720575940641422221,LVIN,central,NA - LVIN,Right,acetylcholine,0.91,,PVLP.SLP.8,None,Direct,0,0,57,3,720575940619421319
720575940623987214,720575940623987214,VPN,visual_projection,Me,Right,acetylcholine,0.92,,"MC61, MC64",None,Indirect,0,0,0,0,0
720575940628321284,720575940628321284,VPN,visual_projection,Me,Right,acetylcholine,0.93,,"MC61, MC64",None,Indirect,0,0,0,0,0
720575940618758592,720575940618758592,VPN,visual_projection,Me,Right,acetylcholine,0.9,,"MC61, MC64",None,Indirect,0,0,0,0,0
720575940627619687,720575940627619687,VPN,visual_projection,Me,Right,acetylcholine,0.94,,"MC61, MC64",None,Indirect,0,0,0,0,0
720575940618964672,720575940618964672,VPN,visual_projection,Me,Right,acetylcholine,0.87,,"MC61, MC64",None,Indirect,0,0,0,0,0
720575940627322627,720575940627322627,VPN,visual_projection,Me,Right,acetylcholine,0.89,,"MC61, MC64",None,Indirect,0,0,0,0,0
720575940632798177,720575940632798177,VPN,visual_projection,Me,Right,acetylcholine,0.91,,"MC61, MC64",None,Indirect,0,0,0,0,0
720575940611128818,720575940611128818,VPN,visual_projection,Me,Right,acetylcholine,0.89,,MC62,None,Indirect,0,0,0,0,0
720575940614400415,720575940614400415,VPN,visual_projection,Me,Right,acetylcholine,0.87,,MC62,None,Indirect,0,0,0,0,0
720575940617315329,720575940617315329,VPN,visual_projection,Me,Right,acetylcholine,0.86,,MC62,None,Indirect,0,0,0,0,0
720575940618712523,720575940620924619,VPN,visual_projection,Me,Right,acetylcholine,0.87,,MC62,None,Indirect,0,0,0,0,0
720575940620009069,720575940620009069,VPN,visual_projection,Me,Right,acetylcholine,0.9,,MC62,None,Indirect,0,0,0,0,0
720575940620743151,720575940620743151,VPN,visual_projection,Me,Right,acetylcholine,0.91,,MC62,None,Indirect,0,0,0,0,0
720575940623957432,720575940623957432,VPN,visual_projection,Me,Right,acetylcholine,0.88,,MC62,None,Indirect,0,0,0,0,0
720575940626811497,720575940626811497,VPN,visual_projection,Me,Right,acetylcholine,0.87,,MC62,None,Indirect,0,0,0,0,0
720575940629154108,720575940629154108,VPN,visual_projection,Me,Right,acetylcholine,0.81,,MC62,None,Indirect,0,0,0,0,0
720575940630017275,720575940630017275,VPN,visual_projection,Me,Right,acetylcholine,0.86,,MC62,None,Indirect,0,0,0,0,0
720575940634583648,720575940624485828,VPN,visual_projection,Me,Right,acetylcholine,0.84,,MC62,None,Indirect,0,0,0,0,0
720575940637453545,720575940637453545,VPN,visual_projection,Me,Right,acetylcholine,0.87,,MC62,None,Indirect,0,0,0,0,0
720575940646151044,720575940646151044,VPN,visual_projection,Me,Right,acetylcholine,0.86,,MC62,None,Indirect,0,0,0,0,0
720575940615896971,720575940615896971,VPN,visual_projection,Me,Right,acetylcholine,0.83,,MC62,None,Indirect,0,0,0,0,0
720575940620777153,720575940620777153,VPN,visual_projection,Me,Right,acetylcholine,0.92,,MC62,None,Indirect,0,0,0,0,0
720575940621650175,720575940621650175,VPN,visual_projection,Me,Right,acetylcholine,0.86,,MC62,None,Indirect,0,0,0,0,0
720575940622404120,720575940622404120,VPN,visual_projection,Me,Right,acetylcholine,0.9,,MC62,None,Indirect,0,0,0,0,0
720575940623725035,720575940623725035,VPN,visual_projection,Me,Right,acetylcholine,0.85,,MC62,None,Indirect,0,0,0,0,0
720575940625552003,720575940625552003,VPN,visual_projection,Me,Right,acetylcholine,0.88,,MC62,None,Indirect,0,0,0,0,0
720575940625811096,720575940625811096,VPN,visual_projection,Me,Right,acetylcholine,0.9,,MC62,None,Indirect,0,0,0,0,0
720575940628047363,720575940628047363,VPN,visual_projection,Me,Right,acetylcholine,0.91,,MC62,None,Indirect,0,0,0,0,0
720575940628509306,720575940628509306,VPN,visual_projection,Me,Right,acetylcholine,0.9,,MC62,None,Indirect,0,0,0,0,0
720575940629252815,720575940629252815,VPN,visual_projection,Me,Right,acetylcholine,0.88,,MC62,None,Indirect,0,0,0,0,0
720575940631057223,720575940631057223,VPN,visual_projection,Me,Right,acetylcholine,0.82,,MC62,None,Indirect,0,0,0,0,0
720575940634505720,720575940634505720,VPN,visual_projection,Me,Right,acetylcholine,0.85,,MC62,None,Indirect,0,0,0,0,0
720575940637025855,720575940637025855,VPN,visual_projection,Me,Right,acetylcholine,0.83,,MC62,None,Indirect,0,0,0,0,0
720575940644343968,720575940613630105,VPN,visual_projection,Me,Right,acetylcholine,0.87,,MC62,None,Indirect,0,0,0,0,0
720575940617893789,720575940625361481,VPN,visual_projection,Me,Left,acetylcholine,0.77,,MC62,None,Indirect,0,0,0,0,0
720575940629162551,720575940629162551,VPN,visual_projection,Me,Left,acetylcholine,0.79,,MC62,None,Indirect,0,0,0,0,0
720575940625256732,720575940625256732,VPN,visual_projection,Me,Left,acetylcholine,0.83,,MC62,None,Indirect,0,0,0,0,0
720575940618735389,720575940626893258,VPN,visual_projection,Me,Left,acetylcholine,0.75,,MC62,None,Indirect,0,0,0,0,0
720575940627303769,720575940626839600,VPN,visual_projection,Me,Left,acetylcholine,0.77,,MC62,None,Indirect,0,0,0,0,0
720575940635593370,720575940617487477,VPN,visual_projection,Me,Left,acetylcholine,0.74,,MC62,None,Indirect,0,0,0,0,0
720575940629143255,720575940630725826,VPN,visual_projection,Me,Right,acetylcholine,0.86,,MC65,None,Indirect,0,0,0,0,0
720575940607527947,720575940607527947,VPN,visual_projection,Me,Right,glutamate,0.65,,ME.11787,None,Indirect,0,0,0,0,0
720575940643564448,720575940627732313,VPN,visual_projection,Me,Right,acetylcholine,0.91,,ME.12825,None,Indirect,0,0,0,0,0
720575940603397088,720575940603397088,VPN,visual_projection,Me,Right,acetylcholine,0.92,,ME.14380,None,Indirect,0,0,0,0,0
720575940651521782,720575940651521782,VPN,visual_projection,Me,Right,acetylcholine,0.87,,ME.14885,None,Indirect,0,0,0,0,0
720575940632119338,720575940633211217,VPN,visual_projection,Me,Right,acetylcholine,0.88,,ME.20683,None,Indirect,0,0,0,0,0
720575940627104258,720575940627104258,VPN,visual_projection,Me,Left,acetylcholine,0.75,,ME.3411,None,Indirect,0,0,0,0,0
720575940611713509,720575940619983518,VPN,visual_projection,Me,Right,acetylcholine,0.9,,ME.4900,None,Indirect,0,0,0,0,0
720575940621413467,720575940620149371,VPN,visual_projection,Me,Right,acetylcholine,0.86,,ME.5294,None,Indirect,0,0,0,0,0
720575940622497630,720575940622497630,VPN,visual_projection,Me,Right,glutamate,0.65,,ME.6073,None,Indirect,0,0,0,0,0
720575940617975675,720575940617975675,VPN,visual_projection,Me,Right,acetylcholine,0.87,,ME.PLP.104,None,Indirect,0,0,0,0,0
720575940639755891,720575940639755891,VPN,visual_projection,Me,Right,acetylcholine,0.92,,ME.PLP.117,None,Indirect,0,0,0,0,0
720575940628476392,720575940628476392,VPN,visual_projection,Me,Right,glutamate,0.6,,ME.PLP.136,None,Indirect,0,0,0,0,0
720575940622660490,720575940622660490,VPN,visual_projection,Me,Right,glutamate,0.63,,ME.PLP.138,None,Indirect,0,0,0,0,0
720575940616850333,720575940634642658,VPN,visual_projection,Me,Right,acetylcholine,0.91,,ME.PLP.175,None,Indirect,0,0,0,0,0
720575940637027502,720575940617944379,VPN,visual_projection,Me,Right,acetylcholine,0.91,,ME.PLP.185,None,Indirect,0,0,0,0,0
720575940619181551,720575940619181551,VPN,visual_projection,Me,Left,acetylcholine,0.75,,ME.PLP.232,None,Indirect,0,0,0,0,0
720575940634064831,720575940634064831,VPN,visual_projection,Me,Right,acetylcholine,0.91,,ME.PLP.239,None,Indirect,0,0,0,0,0
720575940628787052,720575940628787052,VPN,visual_projection,Me,Right,acetylcholine,0.86,,ME.PLP.251,None,Indirect,0,0,0,0,0
720575940624999370,720575940624999370,VPN,visual_projection,Me,Right,acetylcholine,0.84,,ME.PLP.252,None,Indirect,0,0,0,0,0
720575940632477101,720575940632477101,VPN,visual_projection,Me,Right,acetylcholine,0.85,,ME.PLP.279,None,Indirect,0,0,0,0,0
720575940632486201,720575940612276322,VPN,visual_projection,Me,Right,acetylcholine,0.89,,ME.PLP.29,None,Indirect,0,0,0,0,0
720575940606039328,720575940630541050,VPN,visual_projection,Me,Right,acetylcholine,0.92,,ME.PLP.290,None,Indirect,0,0,0,0,0
720575940627832201,720575940611712632,VPN,visual_projection,Me,Right,acetylcholine,0.94,,ME.PLP.46,None,Indirect,0,0,0,0,0
720575940616207628,720575940616207628,VPN,visual_projection,Me,Right,acetylcholine,0.73,,ME.PLP.54,None,Indirect,0,0,0,0,0
720575940629491707,720575940632834188,VPN,visual_projection,Me,Right,acetylcholine,0.44,,ME.PLP.61,None,Indirect,0,0,0,0,0
720575940621715299,720575940636624120,VPN,visual_projection,Me,Right,gaba,0.77,,ME.PLP.64,None,Indirect,0,0,0,0,0
720575940625914501,720575940625914501,VPN,visual_projection,Me,Right,gaba,0.87,,ME.PLP.68,None,Indirect,0,0,0,0,0
720575940616455261,720575940616455261,VPN,visual_projection,Me,Right,glutamate,0.51,,ME.PLP.9,None,Indirect,0,0,0,0,0
720575940621353051,720575940637321870,VPN,visual_projection,Me,Right,acetylcholine,0.85,,ME.SCL.3,None,Indirect,0,0,0,0,0
720575940632267112,720575940632267112,VPN,visual_projection,Ocellar,Left,acetylcholine,0.95,,OCG04,None,Indirect,0,0,0,0,0
720575940633513645,720575940633513645,VPN,visual_projection,Ocellar,Left,acetylcholine,0.97,,OCG04,None,Indirect,0,0,0,0,0
720575940615713478,720575940615713478,LVIN,central,NA - LVIN,Right,acetylcholine,0.94,,CL200,None,Direct,0,0,43,5,720575940619522974
720575940628394455,720575940628394455,VPN,visual_projection,Lo,Right,acetylcholine,0.9,,PLP.484,None,Indirect,0,0,0,0,0
720575940613355175,720575940613355175,VPN,visual_projection,LoP,Right,acetylcholine,0.73,,PLP.498,None,Indirect,0,0,0,0,0
720575940603596972,720575940603596972,VPN,visual_projection,Lo,Right,acetylcholine,0.89,,PLP.511,None,Indirect,0,0,0,0,0
720575940618945872,720575940618335961,VPN,visual_projection,Me,Right,acetylcholine,0.87,,PLP.580,None,Indirect,0,0,0,0,0
720575940606811145,720575940610120405,VPN,visual_projection,LoP,Right,acetylcholine,0.76,,PLP.601,None,Indirect,0,0,0,0,0
720575940626083356,720575940626083356,LVIN,central,NA - LVIN,Left,glutamate,0.77,,PLP005,None,Direct,0,0,41,2,720575940635529464
720575940623943404,720575940623943404,LVIN,central,NA - LVIN,Left,acetylcholine,0.94,,PLP231,None,Direct,0,0,36,3,720575940624603901
720575940609526318,720575940618869249,LVIN,central,NA - LVIN,Right,acetylcholine,0.87,,AVLP041,None,Direct,0,0,29,2,720575940631783372
720575940616461173,720575940616461173,LVIN,central,NA - LVIN,Right,acetylcholine,0.9,,PVLP.SLP.3,None,Direct,0,0,27,3,720575940632070370
720575940635529464,720575940635529464,LVIN,central,NA - LVIN,Right,glutamate,0.78,,PLP005,None,Direct,0,0,23,2,720575940626083356
720575940626140164,720575940626140164,LVIN,central,NA - LVIN,Right,acetylcholine,0.94,,VES025,None,Direct,0,0,20,1,720575940635206251
720575940632226897,720575940632226897,LVIN,central,NA - LVIN,Right,acetylcholine,0.93,,CL250,None,Direct,0,0,16,1,720575940630001207
720575940611351514,720575940611351514,LVIN,central,NA - LVIN,Right,glutamate,0.8,,"PLP185, PLP186",None,Direct,0,0,13,2,720575940627303696
720575940625493385,720575940625493385,LVIN,central,NA - LVIN,Right,acetylcholine,0.96,,PLP.SLP.42,None,Direct,0,0,12,1,720575940615951163
720575940606811145,720575940627091006,VPN,visual_projection,Lo,Right,acetylcholine,0.93,,PLP125,None,Indirect,0,0,0,0,0
720575940624304423,720575940624304423,VPN,visual_projection,Lo,Right,acetylcholine,0.92,,PLP125,None,Indirect,0,0,0,0,0
720575940627221763,720575940627221763,VPN,visual_projection,Lo,Right,acetylcholine,0.89,,PLP147,None,Indirect,0,0,0,0,0
720575940604616806,720575940604616806,VPN,visual_projection,Lo,Right,acetylcholine,0.93,,PLP153,None,Indirect,0,0,0,0,0
720575940616047249,720575940616047249,VPN,visual_projection,Lo,Right,acetylcholine,0.9,,PLP153,None,Indirect,0,0,0,0,0
720575940625967390,720575940625967390,VPN,visual_projection,Lo,Right,acetylcholine,0.89,,PLP153,None,Indirect,0,0,0,0,0
720575940627322923,720575940627322923,VPN,visual_projection,Lo,Right,acetylcholine,0.88,,PLP153,None,Indirect,0,0,0,0,0
720575940629791563,720575940629791563,VPN,visual_projection,Lo,Right,acetylcholine,0.95,,PLP153,None,Indirect,0,0,0,0,0
720575940632066578,720575940624774839,VPN,visual_projection,Me,Right,acetylcholine,0.88,,PLP179,None,Indirect,0,0,0,0,0
720575940630098284,720575940630098284,LVIN,central,NA - LVIN,Right,glutamate,0.83,,PLP004,None,Direct,0,0,11,1,720575940617812696
720575940616054834,720575940616054834,LVIN,central,NA - LVIN,Right,acetylcholine,0.94,,hb386829647,None,Direct,0,0,9,1,720575940612015217
720575940618446296,720575940618446296,VPN,visual_projection,LoP,Right,acetylcholine,0.68,,PLP207,None,Indirect,0,0,0,0,0
720575940634943423,720575940620997396,VPN,visual_projection,Lo,Right,glutamate,0.75,,PLP212,None,Indirect,0,0,0,0,0
720575940609108931,720575940629728811,LVIN,central,NA - LVIN,Left,gaba,0.92,,mALB5,None,Direct,0,0,7,1,720575940629753847
720575940627632745,720575940627632745,LVIN,central,NA - LVIN,Right,acetylcholine,0.74,,SIP.43,None,Direct,0,0,7,1,0
720575940611014570,720575940611014570,LVIN,central,NA - LVIN,Left,dopamine,0.69,,ATL042,None,Direct,0,0,6,1,720575940621712990
720575940612277490,720575940612277490,LVIN,central,NA - LVIN,Left,glutamate,0.61,,"SMP144, SMP150",None,Direct,0,0,6,1,720575940621373052
720575940623184167,720575940623184167,LVIN,central,NA - LVIN,Right,Unknown,NA,,PLP.318,None,Direct,0,0,5,1,720575940619677342
720575940620689136,720575940620689136,VPN,visual_projection,Lo,Right,acetylcholine,0.86,,SCL.PLP.12,None,Indirect,0,0,0,0,0
720575940620198571,720575940620198571,LVIN,central,NA - LVIN,Right,acetylcholine,0.94,,PLP.SLP.30,None,Direct,0,0,5,1,720575940632528045
720575940636261488,720575940636261488,LVIN,central,NA - LVIN,Right,glutamate,0.61,,PLP069,None,Direct,0,0,5,1,720575940636221406
720575940628951166,720575940613151706,LVIN,central,NA - LVIN,Right,glutamate,0.76,,"PLP185, PLP186",None,Direct,0,0,5,1,720575940620745069
720575940635455679,720575940635455679,VPN,visual_projection,Lo,Right,acetylcholine,0.92,,SLP219,None,Indirect,0,0,0,0,0
720575940630741059,720575940619321157,VPN,visual_projection,Lo,Right,acetylcholine,0.87,,SMP.1000,None,Indirect,0,0,0,0,0
720575940611428977,720575940611428977,LVIN,central,NA - LVIN,Right,acetylcholine,0.93,,SIP064,None,Direct,0,0,5,1,720575940627572484
720575940624085991,720575940624085991,VPN,visual_projection,Lo,Left,acetylcholine,0.88,,SMP241,None,Indirect,0,0,0,0,0
720575940634603930,720575940634603930,VPN,visual_projection,Lo,Right,acetylcholine,0.88,,SMP241,None,Indirect,0,0,0,0,0
720575940625334970,720575940625334970,LVIN,central,NA - LVIN,Right,acetylcholine,0.84,,SLP.ICL.26,None,Direct,0,0,5,1,0
720575940625458064,720575940625458064,VPN,visual_projection,Lo,Right,acetylcholine,0.92,,VES044,None,Indirect,0,0,0,0,0
720575940635325535,720575940634061779,VPN,visual_projection,Lo,Left,acetylcholine,0.92,,VES044,None,Indirect,0,0,0,0,0
720575940658655873,720575940658655873,VPN,visual_projection,Lo,Right,acetylcholine,0.9,,VES044,None,Indirect,0,0,0,0,0
720575940636217012,720575940636217012,VPN,visual_projection,Lo,Right,acetylcholine,0.88,,VES080,None,Indirect,0,0,0,0,0
720575940607401138,720575940607401138,VPN,visual_projection,LoP,Right,acetylcholine,0.87,,WED068,None,Indirect,0,0,0,0,0
